"SpName","modelName","pval","adjRsquare","MinMass_used","MaxMass_used","Mean_used","es_bio1","pval_bio1","adjPval_bio1","sig_bio1_f","sig_bio1_nf","bio1_mean","bio1_breadth","es_bio12","pval_bio12","adjPval_bio12","sig_bio12_f","sig_bio12_nf","bio12_mean","bio12_breadth","es_bio4","pval_bio4","adjPval_bio4","sig_bio4_f","sig_bio4_nf","bio4_mean","bio4_breadth","es_bio15","pval_bio15","adjPval_bio15","sig_bio15_f","sig_bio15_nf","bio15_mean","bio15_breadth"
"Accipiter_cooperii","m8",1.3922729615469e-15,0.118503333675161,92.5,672,366.7028089,0.0241498477692775,0.705532886805511,0.770163940495265,"NS","NS",114.042760600744,208,0.0795361532156647,0.0918342651722802,0.186872051222663,"NS","NS",758.220047179711,1429,0.165915970161627,0.0328068727883899,0.0648135779477947,"NS","Pos",8013.08837381106,9997,-0.138479358545231,0.097405921868012,0.188030819404673,"NS","NS",43.0311251773436,91
"Accipiter_gentilis","m8",2.31904546057956e-08,0.178567289541525,274.8,1450,890.053379,-0.143013586654949,0.0721741080265355,0.129913394447764,"NS","NS",51.2234751774099,173,0.00960978982870918,0.892499721565834,0.919864310341219,"NS","NS",724.913991129868,1588,0.263296841991132,0.00235899323902414,0.0061048378051549,"Pos","Pos",9523.9143497286,8723.8,0.22721506476472,0.000720842867038149,0.00335611396520917,"Pos","Pos",39.1944123796583,65
"Aegolius_acadicus","m8",0.483936689791963,-0.00169445275556157,47.7,142,78.88825939,-0.0825849015139861,0.238534562867264,0.354690523915671,"NS","NS",64.9984058386943,139,-0.0372788602619644,0.644684707517496,0.749687659685086,"NS","NS",789.9571776013,1825,0.00357486376309914,0.967680153344729,0.967680153344729,"NS","NS",9055.48375568483,9019,0.0118938362147604,0.87708423835792,0.910425785466222,"NS","NS",37.4609996082678,74
"Aimophila_ruficeps","m10",1.85337175221726e-06,0.09577589126137,11.4,28.3,18.83044872,0.0527622436078628,0.383475264191591,0.512298985755954,"NS","NS",158.819756538629,140,0.161635287449726,0.0060173571947384,0.0219382814391504,"Pos","Pos",572.935383945615,1061.925,-9999,-9999,-9999,"Exl","Exl",5925.8248719065,7286.925,-0.172938786436294,0.00415198193667081,0.0151374341441123,"Neg","Neg",70.3941344898028,80
"Ammospermophilus_leucurus","m8",0.00581120287846888,0.0404817369196225,23,145,87.76106918,0.204060232970364,0.00769023028823772,0.0187861339898379,"Pos","Pos",140.637464788732,148,0.207423988496278,0.00360389429638563,0.0143336704969883,"Pos","Pos",220.763541247485,335,-9999,-9999,-9999,"Exl","Exl",7423.34645875251,5896,-0.102712054101462,0.131271746349914,0.239297454283697,"NS","NS",47.711106639839,81
"Antrozous_pallidus","m8",8.89810897949059e-06,0.180647003816676,5.7,27.6,16.71852349,-0.306283450466561,0.0010147491594692,0.00369195970785602,"Neg","Neg",156.667876270084,152,-0.229346227573841,0.0108654489712991,0.0345718830904971,"Neg","Neg",405.212742129236,991,-9999,-9999,-9999,"Exl","Exl",6452.16558010912,6473,0.053982417264812,0.551205211200848,0.68900651400106,"NS","NS",66.2308611542119,84
"Aphelocoma_californica","m8",1.05538497390818e-37,0.123609641577509,33.5,118.8,84.33857654,-0.0123346121839063,0.676108386559242,0.760621934879147,"NS","NS",121.716997660047,188,0.343981841990793,9.17483394625568e-34,4.01398985148686e-32,"Pos","Pos",455.460298794024,1393,0.0501912635825338,0.0738111792671031,0.135879670923531,"NS","NS",7006.57610847783,7547,-0.038880118235459,0.168293989379751,0.288739687661338,"NS","NS",52.9727245455091,82
"Aplodontia_rufa","m10",0.00997003373326947,0.0712299894743089,335,1700.97,903.2433553,-0.321979982680392,0.00218645552913314,0.00692377584225494,"Neg","Neg",79.7776725944959,101,0.141169674593491,0.0990787920291469,0.199296420748284,"NS","NS",1563.77273649334,2160.3,-9999,-9999,-9999,"Exl","Exl",5095.53336939617,4045.6,-0.0403887808385602,0.706409987526366,0.792447101391757,"NS","NS",63.1339509094597,41
"Archilochus_colubris","m8",0.00107706809586649,0.0571828687058662,1.08,5.2,2.824848485,0.0269758110833807,0.794361795253931,0.828267481636721,"NS","NS",120.790049797504,249,-0.138245298694092,0.0305805641359885,0.0775594017941737,"NS","Neg",1059.85526438135,1606,-9999,-9999,-9999,"Exl","Exl",8186.05463777999,11905,-0.130444605259476,0.0572568559848363,0.117881762321722,"NS","NS",35.4842368170923,87
"Auriparus_flaviceps","m8",3.89915412154076e-12,0.213732407163521,4.5,13,6.814169884,-0.0340782067199601,0.546271743357766,0.657834282494211,"NS","NS",186.635483808528,116,0.389642117581607,5.36597224651543e-10,7.825376192835e-09,"Pos","Pos",388.664189071482,712,-0.10844868286811,0.0897061957943024,0.157960909985619,"NS","NS",6131.22591603275,5810,-0.120762275608641,0.0387357853709671,0.0836884251841882,"NS","Neg",68.623841046784,80
"Baeolophus_bicolor","m10",3.87530971277943e-21,0.388350888780949,14.2,27.5,20.57196262,-0.543015063389783,2.3544479235239e-14,5.75157992746553e-13,"Neg","Neg",134.315620445836,149,-0.0330266731281793,0.635787920507545,0.7467307791196,"NS","NS",1118.71604145301,787,-9999,-9999,-9999,"Exl","Exl",8321.27981864306,5500.275,-0.0720280504322833,0.31464779268734,0.458861364335704,"NS","NS",23.4134506396071,39
"Baeolophus_inornatus","m8",6.01077206531926e-11,0.0855027752723064,10.4,21.5,15.9915781,-0.250677775957332,7.65147855416699e-08,6.88633069875029e-07,"Neg","Neg",132.894870349493,118,-0.129984920398681,0.00102879541382293,0.00486592425456791,"Neg","Neg",641.342277339346,1287.525,-0.158264496715623,0.000221906629361442,0.000748934874094867,"Neg","Neg",5603.0266065389,4378.575,0.196499578644497,2.36052095625454e-05,0.000187768712429338,"Pos","Pos",79.1616685456595,42
"Baeolophus_ridgwayi","m8",1.12888168078601e-06,0.0579158788353907,12.7,23.1,16.16944938,-0.262592127707837,2.20046726795193e-06,1.39362926970289e-05,"Neg","Neg",94.8876601671309,132,-0.0347325449065881,0.427784184618294,0.592925727266733,"NS","NS",336.268272980501,404,-9999,-9999,-9999,"Exl","Exl",7974.05662952646,3041,-0.0473052688845629,0.40502008087402,0.54105735994621,"NS","NS",40.1192479108635,62
"Baiomys_taylori","m10",8.89825527120961e-05,0.119604597688092,4,14.1,7.878212291,-0.307718840113132,0.0261949370223525,0.0546260272051497,"NS","Neg",188.353298859237,120,0.471854961318597,0.00529002583119461,0.0196969046906182,"Pos","Pos",733.02004781332,1143,-9999,-9999,-9999,"Exl","Exl",4992.41350726295,6751,0.319268916377806,0.000728756175302563,0.00335611396520917,"Pos","Pos",73.324870722137,92
"Blarina_brevicauda","m8",2.01331450569342e-12,0.0717380520345037,5,30.2,17.66472123,-0.0145538397474932,0.730589464734289,0.786929957292596,"NS","NS",79.1128961460803,125,-0.120039452506262,0.00224242980773667,0.00957134674033945,"Neg","Neg",954.287941460493,822,-9999,-9999,-9999,"Exl","Exl",9795.26049977536,5065,0.15849823296144,0.000136764018100504,0.000797790105586273,"Pos","Pos",25.945756970157,48
"Buteo_jamaicensis","m8",1.80602742098076e-08,0.0578480093006817,268.3,1708,967.2553686,0.0311672154195517,0.529662118989194,0.646944445336801,"NS","NS",107.958448693352,249,0.0432867518732127,0.312384311399355,0.471269435300751,"NS","NS",795.371676897489,1825,0.0947531473841625,0.126075795800496,0.212752905413337,"NS","NS",7976.49973002883,11468,-0.0826997772794003,0.206114682552107,0.340283674024705,"NS","NS",45.1089777219539,94
"Callospermophilus_lateralis","m8",0.00255038621191006,0.0198401827876686,61,345,174.6325862,0.0182075590757778,0.682999959851266,0.761865152941428,"NS","NS",48.2822711300945,119,0.198283089028278,3.10589328898133e-05,0.000181177108523911,"Pos","Pos",528.378216592674,1090.675,-9999,-9999,-9999,"Exl","Exl",7691.0740947251,3441,0.0643824785296089,0.246330608156245,0.384891575244133,"NS","NS",34.7730763565973,62
"Campylorhynchus_brunneicapillus","m10",0.000173842845961134,0.0640812800858611,24.2,69,38.8943038,-0.153820628496639,0.00888291978802572,0.0210215069579716,"Neg","Neg",183.700540121267,127,-0.0809122951024474,0.198098562337837,0.350174226354762,"NS","NS",379.529479648496,676,-9999,-9999,-9999,"Exl","Exl",5980.77398147885,5747,0.129928016981528,0.0234311457399274,0.0611893567859489,"NS","Pos",70.297208585185,80
"Catharus_guttatus","m8",1.2957396103408e-111,0.300569385412103,11.2,44.7,26.39370794,-0.0811010908557376,0.01918724415871,0.0415318829258153,"Neg","Neg",81.7750055394998,237,-0.0772932947372883,0.00347589109893268,0.0141460684258888,"Neg","Neg",766.483755121091,1553.72499999998,0.255740833567815,5.95207127902158e-14,6.02647217000935e-13,"Pos","Pos",8797.37275650244,10844,-0.339854306990477,1.05493270752934e-24,6.15377412725448e-23,"Neg","Neg",41.6987666951106,87
"Certhia_americana","m8",2.44506654623542e-06,0.0516103504155322,2,13.1,7.784533333,-0.120436458430999,0.0110092388043678,0.0251010644739586,"Neg","Neg",81.3814825915536,198,0.0405356127970022,0.353837612579985,0.516013185012478,"NS","NS",836.472549407359,1581,-0.123339709942329,0.0152351190675439,0.0316421703710527,"Neg","Neg",8748.26434945433,9493,-0.19711594955225,1.73906033896808e-05,0.000144921694914007,"Neg","Neg",37.3600541966901,78
"Chaetodipus_baileyi","m8",2.92556520260096e-25,0.135686251250278,10,50,26.63273256,-9999,-9999,-9999,"Exl","Exl",202.50014933397,106,0.244391866243576,2.3569494859786e-10,4.12466160046255e-09,"Pos","Pos",283.076817394421,461,0.128049769158894,0.00412616913872166,0.00928388056212373,"Pos","Pos",6449.35314497342,3075,0.0334720880835968,0.418526384595111,0.551381062634891,"NS","NS",74.2353503374948,69
"Chaetodipus_formosus","m10",1.0965464456466e-05,0.0588155344424658,4.6,31.1,16.34966592,-0.0970439173199835,0.0792113912847089,0.141095290725888,"NS","NS",153.87114060761,140,0.130979596036037,0.0205897936000816,0.0554340596925274,"NS","Pos",185.771919699905,302,-9999,-9999,-9999,"Exl","Exl",7483.72888412548,4661,-0.0432276177014353,0.422200356531859,0.551381062634891,"NS","NS",44.1709056432664,63
"Chaetodipus_penicillatus","m10",8.03897030913646e-14,0.112911552810576,5.8,32,16.6143662,-0.0161170092765837,0.742521104007708,0.786929957292596,"NS","NS",197.466180318769,100,-0.0335068739800942,0.496027550388988,0.63827074498583,"NS","NS",261.030172072001,491,-9999,-9999,-9999,"Exl","Exl",6671.17441122829,4215.475,0.0888433150277749,0.0288068209018809,0.0696870684192806,"NS","Pos",70.6108952501784,75
"Chamaea_fasciata","m10",8.53541703706392e-09,0.0642751138848782,4.9,24.4,14.47162037,-0.0136482749646319,0.760513175278506,0.797838975292175,"NS","NS",126.072863394316,104,0.149928905691236,0.000946350076600128,0.00481329519897769,"Pos","Pos",856.889439552908,1756,-9999,-9999,-9999,"Exl","Exl",5280.73717509358,4198.85,-0.0513214541871847,0.22573279001367,0.362415029838461,"NS","NS",77.9524437180366,36
"Chondestes_grammacus","m8",0.000884840305194167,0.0507912264416289,15,39.7,28.22831395,-0.18208704782454,0.00612569180806072,0.0158711105936119,"Neg","Neg",122.513069158231,204,-0.0169349983334231,0.756363525000864,0.827272605469695,"NS","NS",585.70084865289,1177,0.0827618470930575,0.25897945953848,0.368023442502051,"NS","NS",7988.6069721432,10059,0.0575647024761754,0.321231281742768,0.460782576270364,"NS","NS",52.3904814167642,94
"Cistothorus_palustris","m8",3.03273967659135e-12,0.146012621607599,6,21.6,11.10432911,-0.297223184562756,8.47598496503202e-06,4.52935446568899e-05,"Neg","Neg",109.337664448406,201,0.0369256652858646,0.543252309158567,0.670830336545065,"NS","NS",727.42444692161,1391,0.237234592911915,0.00033401696143854,0.00104059130294314,"Pos","Pos",8463.08954720267,9368,0.00576199917330083,0.935398995820192,0.957279674084992,"NS","NS",41.7058469170175,75
"Coccothraustes_vespertinus","m8",1.24077131684689e-15,0.196355748172348,30.8,76.4,54.39853994,-0.10616016000193,0.0859634116739414,0.14699743396244,"NS","NS",66.5072160094174,160,0.114496937053355,0.0222959007643591,0.0591179186933764,"NS","Pos",777.349587992937,1319,0.280283873543413,3.42213294195329e-05,0.000120518594912268,"Pos","Pos",9143.0308534432,8571,-0.0114919094862238,0.858613141834019,0.910425785466222,"NS","NS",35.2827153227389,71
"Colinus_virginianus","m10",4.34426005931585e-15,0.234885794784839,44.4,296,172.9548214,-0.491667536982636,1.11068499808954e-08,1.1870445917082e-07,"Neg","Neg",148.213754940711,158,-0.0950300689216598,0.180908324886319,0.333252177422167,"NS","NS",1009.14533388808,1147,-9999,-9999,-9999,"Exl","Exl",7782.75479509049,8528,0.106646396456822,0.175290913319151,0.294960671450494,"NS","NS",35.4087247763678,93
"Contopus_sordidulus","m8",1.02658568485328e-05,0.0596524639624532,3.5,23.2,13.44480899,0.025472292260413,0.695133303046805,0.766888998845185,"NS","NS",101.185839725158,262,0.128241254508842,0.0167583925664081,0.0473019145019584,"Pos","Pos",613.181300866005,2341,0.289812281936759,6.26824676544739e-06,2.53863994000619e-05,"Pos","Pos",7297.9759247322,11220,0.0353935051985353,0.507603484226313,0.648398611237991,"NS","NS",55.5457302131091,92
"Corvus_brachyrhynchos","m8",2.12515334327959e-58,0.394436427379898,126,640,364.0631802,0.110590083316252,0.0632778769593503,0.11761431478314,"NS","NS",85.848667986803,193,0.0331409346922718,0.388922653315082,0.548882776855963,"NS","NS",766.839865648521,1318,0.538724142579286,3.79321458986461e-14,4.38929116827191e-13,"Pos","Pos",9028.3700504944,7850,-0.142273609539128,0.0258080176801358,0.0654551173046923,"NS","Neg",37.4397855395212,63
"Corynorhinus_townsendii","m10",0.384345623579688,0.00381170290166233,2.3,18,8.604424779,0.0627899471878775,0.544959353249575,0.657834282494211,"NS","NS",134.450405661228,176,0.0211699194340945,0.837551013028096,0.887454022674385,"NS","NS",507.254985125755,1512,-9999,-9999,-9999,"Exl","Exl",6593.28383665374,7415,0.139215718255004,0.171370353116439,0.291163221314338,"NS","NS",60.7192553862796,91
"Cratogeomys_castanops","m8",0.000580436981971983,0.0295409958417095,86,519,272.0699045,-0.00486223163323304,0.915854322306753,0.921241700673263,"NS","NS",160.839630301872,123,0.0539615838255399,0.216961417678404,0.368961474127265,"NS","NS",367.040337218189,307,-9999,-9999,-9999,"Exl","Exl",7068.95058750478,5993.225,0.0617385805008653,0.145702622130619,0.257555140129882,"NS","NS",66.6907957585021,48
"Cyanocitta_stelleri","m8",1.29616399223558e-177,0.33241729379412,43.7,202,113.4604004,-0.202032987251137,1.91436319286187e-13,3.63729006643755e-12,"Neg","Neg",71.8727010025119,189,0.383363456908536,1.3016101813082e-73,1.13890890864467e-71,"Pos","Pos",734.340822904395,2250,0.0501715869987951,0.0231130478825213,0.0468039219621056,"Pos","Pos",6888.68044990775,7581.65,-0.214556424645603,4.15028096807898e-20,1.81574792353455e-18,"Neg","Neg",46.0937737568631,85
"Dendroica_pinus","m10",0.0155692823124407,0.0596711366282741,7,15.5,12.35153374,0.229519347833711,0.039197489893986,0.0770433422054208,"NS","Pos",122.050288143392,184,-0.0369633084152558,0.751513358018108,0.827137343730622,"NS","NS",1126.60196222363,816,-9999,-9999,-9999,"Exl","Exl",8395.64682713588,6781.325,-0.116208250986359,0.142070901085653,0.256313481340096,"NS","NS",21.2300874290598,42
"Dipodomys_deserti","m8",0.0584361707964517,0.0329589663916987,30,150,95.54191176,-0.0698604827099508,0.422472244837616,0.551471403566659,"NS","NS",179.736265884653,142,-0.0481288068370377,0.561047408422499,0.686596478838723,"NS","NS",161.215786901271,237,-9999,-9999,-9999,"Exl","Exl",7415.08704789834,3643.525,-0.0454435040718266,0.671431186513641,0.773029326578205,"NS","NS",50.3997556207234,78
"Dipodomys_ordii","m8",4.62730759035232e-15,0.107028738551538,13.5,97.7,49.45037258,-0.0997256182912862,0.0585184451459729,0.109963232087488,"NS","NS",124.922909809085,156,0.240701576571992,7.11221324557654e-10,9.57413321519919e-09,"Pos","Pos",380.858866479143,532,-9999,-9999,-9999,"Exl","Exl",7701.51578191394,7146.775,-0.0353689744827995,0.464848541186538,0.602581442278846,"NS","NS",55.363349093303,88
"Dipodomys_spectabilis","m8",0.00550684738396814,0.0907740203218639,45,162,115.4664336,-0.0904248583240227,0.327625925720831,0.457057837887125,"NS","NS",157.972997960571,116,0.0261421013537527,0.802014734969929,0.86543807128364,"NS","NS",340.493324269205,275,-9999,-9999,-9999,"Exl","Exl",6614.28464989803,5335,0.110631933622901,0.210291645889699,0.34393493486633,"NS","NS",75.9018898708362,60
"Dumetella_carolinensis","m8",0.0072112488357182,0.0274563927609378,17,49.5,36.18612473,-0.119148675725348,0.159295565615834,0.245401276759528,"NS","NS",105.954656151445,238,-0.00502943327420468,0.93222132905389,0.937578922899027,"NS","NS",887.800684328234,1584.375,-9999,-9999,-9999,"Exl","Exl",8575.58452833711,11261,-0.0328784777866721,0.537179565646244,0.681205970928208,"NS","NS",37.0622409923165,60
"Empidonax_difficilis","m8",0.0265755541384485,0.0175788099394611,4.8,15,10.59435644,-0.0304450637430193,0.606048893417012,0.704995651525912,"NS","NS",124.373007093782,240,-0.0127493595816213,0.796915232212007,0.86543807128364,"NS","NS",1003.08849467713,2698,-0.0131083810501402,0.801988342260414,0.868601751073139,"NS","NS",5222.78193977897,7535.19999999999,-0.145242298257526,0.0089757135907289,0.0296367901580671,"Neg","Neg",67.8274353796036,95
"Empidonax_oberholseri","m8",3.22849486863763e-05,0.046509009366713,8,15.1,11.60023985,0.170793431751729,0.00112174122217911,0.00391464793862506,"Pos","Pos",104.630609062522,235,-0.0222710089510251,0.654688492155312,0.749687659685086,"NS","NS",530.845239766437,1416,-9999,-9999,-9999,"Exl","Exl",6817.88813555464,7813,0.015724121781553,0.73097862761316,0.809628226786728,"NS","NS",54.2230004287302,96
"Empidonax_occidentalis","m10",0.00808934578369251,0.0347089246291948,8.9,14.1,11.71265574,0.0091529375275452,0.904926607711705,0.915635798335512,"NS","NS",97.8941342496012,240,-0.0746129264574049,0.203844792871227,0.35319642329173,"NS","NS",527.211424714689,1145,-9999,-9999,-9999,"Exl","Exl",6881.57818137195,7980.52499999999,-0.197118374669419,0.00124335817499877,0.00518065906249488,"Neg","Neg",53.2345379801202,98
"Eptesicus_fuscus","m8",6.95684725094597e-17,0.12058701731852,3.4,27,13.66662632,0.0652985290317977,0.140289586659534,0.220087333199819,"NS","NS",131.837647840356,206,0.109044125882972,0.0130195342472804,0.0386172625978656,"Pos","Pos",795.540387522434,1624.04999999999,-9999,-9999,-9999,"Exl","Exl",7238.26630985564,9272,-0.197268294960592,6.42289582680735e-06,6.6201710285239e-05,"Neg","Neg",46.2239473540186,96
"Euphagus_cyanocephalus","m8",4.36859482051996e-38,0.197047173864975,16.8,115.9,64.16477673,-0.0265778003143709,0.611884860788636,0.706975075640924,"NS","NS",102.43861712223,203,-0.00802334919731938,0.811516858075108,0.865947866848438,"NS","NS",672.274227341235,1376,0.435775769063105,4.28945249900372e-15,5.79076087365502e-14,"Pos","Pos",8556.55699532963,8668,-0.0882232468331895,0.029052186381003,0.0696870684192806,"NS","Neg",44.4428688387325,75
"Falco_sparverius","m8",1.81607624011387e-16,0.114898233452195,27,195,98.22337262,-0.222261310757754,2.81875342695619e-05,0.00013771623885986,"Neg","Neg",112.012563061464,249,0.105888057267988,0.0108374906757238,0.0345718830904971,"Pos","Pos",808.703320265435,1933,0.0688916307838022,0.246956003632485,0.358035346508592,"NS","NS",7882.29511987833,11564,0.0618168692128502,0.257462235637495,0.388803114704883,"NS","NS",45.3243632962198,94
"Geomys_bursarius","m10",2.89155171475612e-14,0.107511554715758,46,340,171.1118314,-0.300921934839435,2.02402722133602e-10,2.66237426806507e-09,"Neg","Neg",113.980283403707,117,0.116624798076061,0.0164410062515318,0.0471668212134109,"Pos","Pos",656.647689591832,625,-9999,-9999,-9999,"Exl","Exl",9670.90098761898,4340,-0.0194201230755441,0.683584793413414,0.776800901606152,"NS","NS",50.9918891194924,44
"Geothlypis_trichas","m8",7.39678247045678e-13,0.0611264525978816,3,18.7,10.044893,-0.0337809283129048,0.442391599382003,0.564544503688974,"NS","NS",104.628842511426,257,-0.109478434249543,0.00678316356500248,0.0242255841607231,"Neg","Neg",815.839298066451,2003,0.127686339547636,0.00944607627195089,0.0206792480548114,"Pos","Pos",8165.42592546012,11800,-0.141152930556543,0.00566531162309604,0.0198285906808361,"Neg","Neg",43.5127427627094,85
"Haemorhous_purpureus","m8",4.17344433513006e-22,0.185848043501764,11.1,41.1,23.62256506,0.200345953410837,0.00443065924433655,0.0120260750917706,"Pos","Pos",85.1612067254404,190,-0.0746045935097294,0.0748870753523631,0.156014740317423,"NS","NS",907.84782565061,1279,-9999,-9999,-9999,"Exl","Exl",9209.7726517495,7896,-0.335261993909948,4.71691974420412e-08,6.87884129363101e-07,"Neg","Neg",33.969026755905,69
"Ictidomys_tridecemlineatus","m8",6.33196729565238e-20,0.425942092308085,32.1,210,108.6081522,0.196837304365719,0.0308436948529077,0.0627889502362764,"NS","Pos",84.1145873824147,151,0.23336531099267,0.00121191111946802,0.00558116962912904,"Pos","Pos",607.27379888051,760,0.366115267895451,2.85164158046848e-07,1.64987834298533e-06,"Pos","Pos",9955.09376214724,5381,-0.0100059828386252,0.87921118710738,0.910425785466222,"NS","NS",48.6512429060095,49
"Ixoreus_naevius","m8",0.0196147076067592,0.0274379722615442,42.9,106.7,77.67528249,0.0494704379185578,0.686124172824444,0.761865152941428,"NS","NS",27.4016067430528,215,0.12712800986373,0.0634149178373192,0.142277059250396,"NS","NS",726.678655779446,2360.27499999999,0.0734378107731283,0.520187613113145,0.607212102442513,"NS","NS",8569.2837876992,10504,-0.147338451218272,0.0290694628263285,0.0696870684192806,"NS","Neg",44.730664208262,65
"Junco_hyemalis","m8",7.18469061363533e-47,0.114320192457581,5.4,31,18.85939733,0.178818926594468,3.98069280275972e-07,3.2414212822472e-06,"Pos","Pos",67.7110918869698,231,0.0388007409445452,0.103362543569682,0.205550512780618,"NS","NS",731.478875387724,1397,0.264943025145441,7.17565113135942e-16,1.28637262738188e-14,"Pos","Pos",9436.24590762927,9341,-0.11298903710449,7.90172793684099e-05,0.000476828409981784,"Neg","Neg",40.2238661392675,73
"Lanius_ludovicianus","m8",9.65036933137082e-11,0.0942302373874397,18.3,63.1,46.15568058,-0.121965277227977,0.0247963987441902,0.0524298334274639,"NS","Neg",126.964771209303,198,0.206727725261292,4.43654289611282e-06,3.10558002727897e-05,"Pos","Pos",677.594797381565,1323,0.0612172724953582,0.227392027221279,0.355312975216496,"NS","NS",7835.41444450936,9054,-0.0591159805396537,0.250490430894136,0.387108542981243,"NS","NS",46.5100548630238,94
"Lasionycteris_noctivagans","m8",9.86916869957042e-12,0.266240420996082,3,17,9.53377551,-0.0165944652443044,0.821372139406845,0.851240217203458,"NS","NS",96.1085902497395,160,-0.0776659777140711,0.288931809789816,0.443535672922963,"NS","NS",719.81165185246,1277,-0.0653557205097805,0.399732187886061,0.498127803365707,"NS","NS",8425.35176713211,5719,-0.088932148744532,0.227962657206368,0.362667863737404,"NS","NS",37.2074088447406,71
"Lepus_americanus","m8",1.60869431716954e-20,0.144715043092985,350,2140,1352.353957,-0.469004725620754,3.44573953961975e-10,4.20872472339269e-09,"Neg","Neg",23.1792014799082,159,0.0951314873539414,0.0735141763040507,0.15499976931577,"NS","NS",700.682591230644,1440,-9999,-9999,-9999,"Exl","Exl",10120.438297942,9625.05,0.0213723338874753,0.581008574622987,0.711024479433725,"NS","NS",38.7015750625666,61
"Leucosticte_tephrocotis","m8",4.24461118728288e-66,0.394366051940696,15,52.1,27.99310345,-0.125622033578307,0.00228077625275471,0.00696451320037599,"Neg","Neg",29.9027071986874,205,-0.0292779661574256,0.474300957136252,0.618550654338101,"NS","NS",547.758570137259,1267,-0.276623906817704,7.01315143880139e-14,6.31183629492125e-13,"Neg","Neg",8472.94988188289,7266.15,-0.52874069200785,1.40504355206594e-41,2.45882621611539e-39,"Neg","Neg",39.0893436334496,56
"Loxia_curvirostra","m8",1.2349722056312e-27,0.0880709215304486,12.4,47,32.04604324,-0.0163447566949604,0.585645823061086,0.69371132696614,"NS","NS",71.7057314793738,177,-0.187227899995797,4.80882231388352e-11,9.35048783255129e-10,"Neg","Neg",775.981215675085,1778,-0.0104045355750988,0.765274460570787,0.849140154879914,"NS","NS",8810.51302944128,9785,0.174232167860684,1.4314141701542e-07,1.92690369059219e-06,"Pos","Pos",39.5550080311886,77
"Lynx_rufus","m8",0.000703997979697604,0.186627606125882,2300,13400,7583.876915,-0.0853781853190532,0.431783912885558,0.558497080492042,"NS","NS",122.956373062485,210,0.0132468959655931,0.898974090769714,0.919864310341219,"NS","NS",719.040633291625,1439,0.144130290757003,0.300209152461216,0.405282355822642,"NS","NS",7466.57675675456,8038,-0.119680144038062,0.402155597060247,0.54105735994621,"NS","NS",46.161530529482,96
"Macrotus_californicus","m8",2.88993039622098e-08,0.14173464107605,6.9,23,12.76920578,-9999,-9999,-9999,"Exl","Exl",209.716466957881,81.200000000001,-0.303245763976806,1.3049687461572e-05,8.1560546634825e-05,"Neg","Neg",292.158457900854,836,-9999,-9999,-9999,"Exl","Exl",5832.13785917525,4504,-0.16085648934927,0.0165215199567176,0.0458931109908822,"Neg","Neg",77.1976916603214,75
"Martes_americana","m8",2.40009069431739e-16,0.098561298317819,340,1571,808.7434343,-0.164494784276085,0.0836222444763624,0.145912283729163,"NS","NS",13.444630511164,160,0.352664821338154,7.92136128764384e-10,9.9017016095548e-09,"Pos","Pos",758.578082851638,2027,0.0766607030615544,0.461456487107664,0.562683930130679,"NS","NS",9864.53458857531,10264,-0.0706104071497632,0.084839352969341,0.168714622382212,"NS","NS",39.091289810722,61
"Megaceryle_alcyon","m8",0.000629807007149905,0.0790592972831565,52.3,208,147.7664348,-0.042271807663815,0.63576492141858,0.729636252097833,"NS","NS",104.847750140248,256,-0.057792118493709,0.408694558557148,0.572172381980007,"NS","NS",832.982119339236,2164,-9999,-9999,-9999,"Exl","Exl",8015.13979972891,11791,0.168440673376847,0.0585568634478267,0.119156408178717,"NS","NS",44.3745259873308,93
"Megascops_asio","m8",9.09839256462906e-23,0.239026286551409,42,269.2,152.1004785,-0.236200645881826,0.00121646539560779,0.00416031165297864,"Neg","Neg",128.553810834911,171,-0.00703801910724078,0.904095207878227,0.919864310341219,"NS","NS",1000.74280775308,1027,-9999,-9999,-9999,"Exl","Exl",8573.04845282606,6861.725,-0.158607332514604,0.03141592525342,0.0711656963603057,"NS","Neg",29.366773305383,54
"Megascops_kennicottii","m8",5.70229911409e-29,0.284886854395735,35,260.6,139.3768372,-0.326202775367919,1.82222442331601e-10,2.66237426806507e-09,"Neg","Neg",120.915941353228,180,0.061070457641478,0.191905174765079,0.342687812080498,"NS","NS",564.336845922702,2238,0.0138591111793384,0.761239471962203,0.849140154879914,"NS","NS",6715.73224018236,6715.525,-0.200338579391888,2.80098902597391e-05,0.000204238783143931,"Neg","Neg",57.2350430007253,85
"Melanerpes_carolinus","m10",1.29770776947134e-08,0.183790321435802,23.5,97.2,74.40620853,-0.239522385148075,0.00225850841527421,0.00696451320037599,"Neg","Neg",131.032533379257,158,-0.105901940999067,0.184549261792687,0.336417925142919,"NS","NS",1092.16713434771,840,-9999,-9999,-9999,"Exl","Exl",8491.36210669206,6477,0.288860983340906,4.31671041943051e-05,0.000290547816692438,"Pos","Pos",25.649836902567,44
"Melanerpes_formicivorus","m8",3.65235446973184e-05,0.0647462967842299,36.4,102.5,72.7837859,-0.125663370329978,0.0328872732878554,0.066161455673215,"NS","Neg",166.790248421928,194,0.166575885528231,0.00239186243291131,0.00996609347046379,"Pos","Pos",860.277584878213,2413,-0.0131785780076986,0.820029282819655,0.873978577742001,"NS","NS",4358.93936219034,6784,0.219654621243161,5.99171887366104e-05,0.000374482429603815,"Pos","Pos",79.9763267497337,73
"Melospiza_georgiana","m8",0.000424457093466624,0.0844313367714083,7.5,24.7,16.94911505,-0.164368837226912,0.0977177387111844,0.160670512688582,"NS","NS",75.4333794066209,238,0.101527649686713,0.219217541477336,0.368961474127265,"NS","NS",847.559821990168,1106,-9999,-9999,-9999,"Exl","Exl",10005.0566169062,8562,-0.0872345965070702,0.252173565142067,0.387108542981243,"NS","NS",34.9078777434474,55
"Melozone_crissalis","m8",3.84015302185738e-53,0.331646323252861,14.4,68.9,47.94070093,-0.317296545360782,1.36061720457674e-16,7.75551806608742e-15,"Neg","Neg",143.309813395535,166,0.02131800297683,0.56715073860336,0.689245689274917,"NS","NS",596.91273742086,1509,0.311489166577349,2.23714413635986e-19,9.06043375225743e-18,"Pos","Pos",5344.05648117294,4436.825,-0.0992820904466862,0.00254120154685541,0.00988245045999326,"Neg","Neg",79.643368877041,52
"Melozone_fusca","m10",0.00308742470628632,0.0474468272321085,14.7,65.8,44.35670139,-0.220820172708409,0.000336129865176268,0.00136852873678909,"Neg","Neg",162.090993111202,152,-0.0637378245700781,0.319643536993685,0.476116585258619,"NS","NS",489.40090326146,853,-9999,-9999,-9999,"Exl","Exl",5906.5808981163,6700,-0.0157341820408554,0.798075144488646,0.867472983139833,"NS","NS",72.5149066725105,78
"Microtus_californicus","m8",1.37600388205937e-17,0.0982528425801763,10.3,82,41.61096131,-0.0617218299631498,0.0827563546098242,0.145890068435876,"NS","NS",150.677095709571,99,-0.100253102684824,0.00737337167862721,0.02530078517176,"Neg","Neg",548.694719471947,1532,0.21010317776513,5.61782737597655e-08,3.50033859580077e-07,"Pos","Pos",5330.14475247525,5165.275,-0.122780839858464,0.00065779610173386,0.00319761993898404,"Neg","Neg",79.5209900990099,41
"Microtus_longicaudus","m10",4.45000731822426e-22,0.0337940049230703,8,63,31.92171044,0.0859794234878861,5.60552082431615e-06,3.30532434813125e-05,"Pos","Pos",50.9658540167425,136,0.115350401185885,3.77296563334697e-09,4.4017932389048e-08,"Pos","Pos",719.568470301912,2304,-9999,-9999,-9999,"Exl","Exl",7466.62577890607,4971,0.0902885528340552,6.43102328485179e-06,6.6201710285239e-05,"Pos","Pos",37.2414608816063,60
"Microtus_montanus","m8",2.9699860880079e-07,0.0378689016393448,7.5,59,29.742,-0.0366313992992043,0.343596460881066,0.470039958485298,"NS","NS",59.8455212400899,124,-0.0860315707746469,0.0353943476322869,0.0848494635020576,"NS","Neg",435.504851496864,803,-9999,-9999,-9999,"Exl","Exl",7843.78191929949,3179,0.163191582784091,0.000448225472535056,0.00232581864240539,"Pos","Pos",33.2035755137459,58
"Microtus_ochrogaster","m8",1.38813916996005e-24,0.140680072542824,9.7,72.3,38.08569479,0.283294507548922,2.11362699118378e-14,5.75157992746553e-13,"Pos","Pos",106.524075869827,98,-0.0800706278962658,0.0422170542393678,0.0985064598918582,"NS","Neg",765.064916023428,1030,-9999,-9999,-9999,"Exl","Exl",9455.3708467476,3312,0.0680112458670186,0.041522354924385,0.0875471338767154,"NS","Pos",42.241278460882,55
"Microtus_oregoni","m8",1.32391283751104e-27,0.164326545260428,5,33.7,17.54427822,-0.323148784939796,6.74076245721874e-15,2.30534076036881e-13,"Neg","Neg",88.1773305658334,74,-0.0615345432361936,0.110279324117742,0.216841367647245,"NS","NS",1750.80768883675,2080,-9999,-9999,-9999,"Exl","Exl",4823.71491742622,3133,0.0139750448525321,0.722562429206007,0.805403981599052,"NS","NS",61.9330385344283,38
"Microtus_pennsylvanicus","m10",7.74260683942217e-07,0.0809637550481291,8.5,61,31.07370558,0.279317204503721,7.05093260144578e-06,4.01903158282409e-05,"Pos","Pos",34.1301397132793,201,-0.064882668106394,0.304060322563735,0.462700490857858,"NS","NS",686.049761268694,1171,-9999,-9999,-9999,"Exl","Exl",10438.0691348232,8591,0.233145611362008,4.69419616569703e-05,0.000304253455184067,"Pos","Pos",38.6210524236318,59
"Microtus_pinetorum","m8",3.62978512340572e-06,0.260918686872677,9.6,51,27.56588785,0.0585582332997943,0.668582661850153,0.757136656797193,"NS","NS",131.858413736939,134,-0.0538967027366704,0.623008209199425,0.73666511222905,"NS","NS",1152.33919278921,714,-9999,-9999,-9999,"Exl","Exl",8302.48586552928,4065,0.0898541094426366,0.401033239807757,0.54105735994621,"NS","NS",20.1264924703576,37
"Mimus_polyglottos","m8",9.02911332321787e-22,0.299203206492512,12.6,92,45.2763754,0.227196443247504,5.66727923543154e-05,0.000255027565594419,"Pos","Pos",144.074173513902,194,-0.183214871437417,0.000958693541017353,0.00481329519897769,"Neg","Neg",806.479440775066,1424,0.311381162730074,4.84657910305623e-07,2.61715271565036e-06,"Pos","Pos",7149.59250556246,8995,-0.107197277901904,0.0884890600842251,0.17399534286224,"NS","NS",45.5659261724978,98
"Mniotilta_varia","m10",0.0588437629685519,0.0160782137752933,5,19.5,10.31394805,-0.0308962250550641,0.658271633285833,0.75042966194585,"NS","NS",105.574591524932,268,0.0367353216439138,0.519496712203089,0.658782062576381,"NS","NS",966.089249644513,1890,-9999,-9999,-9999,"Exl","Exl",8460.5539226242,12480,-0.123763523157201,0.0366088336788398,0.0800818236724621,"NS","Neg",41.5033448595586,94
"Molothrus_ater","m10",4.47808610302954e-52,0.113073440035944,11.6,79.6,41.71724951,-0.162332026565246,1.36982570270485e-08,1.37788350095605e-07,"Neg","Neg",105.476662189389,211,0.0919917111948133,0.00215513292663287,0.00942870655401881,"Pos","Pos",737.382714673964,1340,-9999,-9999,-9999,"Exl","Exl",8392.94258048117,9755,-0.112689383253494,0.000858939627074421,0.00375786086845059,"Neg","Neg",42.8740938219843,91
"Mustela_erminea","m8",6.13005476609119e-32,0.259607416676721,27,182,89.63768061,-0.270998596379767,3.80951287581915e-05,0.00018095186160141,"Neg","Neg",17.6044791564009,199,0.0199321192762438,0.71191578245047,0.793536700183645,"NS","NS",692.810264117473,1731,0.0873119073954825,0.236875316810997,0.355312975216496,"NS","NS",10290.61901383,9646.525,-0.173094654065786,2.51452080686724e-05,0.000191322235305116,"Neg","Neg",40.4880030222398,61
"Mustela_frenata","m8",0.111911737224388,0.0388135301093174,74,410,212.14984,0.0660168083179044,0.565910728177662,0.676718423205456,"NS","NS",109.936306631337,252,-0.175036220908247,0.0705974787889747,0.152525417136674,"NS","NS",795.24997168317,1689,-0.240427991879175,0.0350048050542513,0.0675092668903418,"NS","Neg",7444.99774022419,9385,-0.10931727177975,0.343114226988712,0.476598348601678,"NS","NS",43.5181942590182,93
"Myadestes_townsendi","m8",5.3647965993173e-05,0.0960235178787795,13,50,33.81348178,-0.228417019368274,0.00730699867839786,0.0181086488986382,"Neg","Neg",76.3160228521058,205,0.0520464432711934,0.440515294830966,0.592925727266733,"NS","NS",523.706795863648,1546.75,0.0765201470387964,0.296034435338808,0.405282355822642,"NS","NS",7939.59041173191,6850,-0.0524878570453181,0.472516435163328,0.608017471717518,"NS","NS",46.3727657926282,73
"Myiarchus_cinerascens","m8",0.000108684472143025,0.0679783036005923,15.4,56,28.02722561,-0.0243125798872149,0.734589854123175,0.786929957292596,"NS","NS",154.599088307862,190,0.00502101113042476,0.931277700751012,0.937578922899027,"NS","NS",491.464031595775,1208,0.0426936445309191,0.524751199641678,0.607212102442513,"NS","NS",6279.76701698452,7881,-0.14143654664892,0.01366521404485,0.0419546045236623,"Neg","Neg",63.5194540594033,92
"Myodes_californicus","m10",2.82650085146965e-35,0.201994649009156,5.9,33.9,21.85686922,0.266355382930767,2.01728185761998e-10,2.66237426806507e-09,"Pos","Pos",87.4759840273816,81,0.0512027403458022,0.321038611774383,0.476116585258619,"NS","NS",1502.28214489447,1781,-9999,-9999,-9999,"Exl","Exl",5110.07666856817,3576.8,0.0311383581187948,0.396948809730334,0.54105735994621,"NS","NS",69.3816314888762,25
"Myodes_gapperi","m8",2.28089316734738e-41,0.074753447887133,5.3,39.2,20.01591593,-0.103017201056554,0.000479500621360054,0.00190685130819928,"Neg","Neg",32.5678558846209,138,0.0240091623299826,0.36595115822461,0.529268204043857,"NS","NS",783.942603665462,1372,-0.225000538154042,3.89286720950327e-11,3.15322243969765e-10,"Neg","Neg",9982.08361480868,8141,-0.0865368139670244,1.00943010112083e-05,9.75650024054051e-05,"Neg","Neg",33.6986698595949,55
"Myotis_californicus","m8",8.10986693038898e-07,0.114236226855981,1.5,8.3,4.347692308,-0.224933622417675,0.00542616778174973,0.0142749952412185,"Neg","Neg",154.243623612198,177,0.116242178375448,0.222987060590835,0.371645100984725,"NS","NS",545.91634061531,1789,0.0177544233782251,0.804260880623277,0.868601751073139,"NS","NS",5782.55540323482,7634.94999999998,-0.0660073375421769,0.422113280923999,0.551381062634891,"NS","NS",68.893829833552,87
"Myotis_lucifugus","m8",1.12740464775729e-32,0.180274600098774,1.8,12.8,6.599364198,-0.328353208045694,2.88425067812116e-14,6.16508582448398e-13,"Neg","Neg",67.2167071823204,143,0.0585781072721802,0.238855090025317,0.387033710689171,"NS","NS",793.826824519863,1781,-0.0728457231503506,0.231394394150601,0.355312975216496,"NS","NS",9053.79334280453,7447,-0.0881480903201321,0.0168527282314153,0.0460816787577762,"Neg","Neg",35.2017405945804,61
"Myotis_velifer","m10",0.000255716764317529,0.0716476643816621,2.2,16,8.293037037,-0.118222772048733,0.103071675829791,0.167859586351374,"NS","NS",182.211373340215,115,0.224502511656934,0.000357954822939669,0.00195756543795132,"Pos","Pos",615.829756486651,1324,-9999,-9999,-9999,"Exl","Exl",5401.15594238258,8098.79999999999,-0.0129071712219948,0.840718071768441,0.897107698533398,"NS","NS",73.8014920471074,80
"Myotis_volans","m8",1.44844650128934e-09,0.219165737097767,3.4,10.1,6.5462,-0.292478901053263,0.00182673208344547,0.00600713819748414,"Neg","Neg",88.9667818121338,173,0.174089272507533,0.0332731726299963,0.0831829315749908,"NS","Pos",477.970169647655,1320.89999999999,-9999,-9999,-9999,"Exl","Exl",7353.44895985261,6703,0.0288339853000792,0.762011133465489,0.838691499097236,"NS","NS",49.8935953532407,87
"Myotis_yumanensis","m8",0.271728766459444,0.00738143300914684,1.65,10.2,5.191136364,-0.0779106283444591,0.343442524613895,0.470039958485298,"NS","NS",146.560144619786,174,0.0734681684898322,0.434338351366633,0.592925727266733,"NS","NS",512.600507398632,1641.22500000001,0.0642465499432754,0.4654299175155,0.562683930130679,"NS","NS",6158.02093298762,7293,-0.0954230605032602,0.269181903562828,0.402622505329016,"NS","NS",67.3557657919442,87
"Napaeozapus_insignis","m10",0.00434536285784503,0.0820877908886771,10,37,20.89452055,-0.237059161619471,0.00485241869505119,0.0129650562008399,"Neg","Neg",54.9707451664604,112,0.0287573223210856,0.721039967250786,0.798620216891693,"NS","NS",986.928536649693,696,-9999,-9999,-9999,"Exl","Exl",9872.45975938812,4541,-0.130862701321267,0.105793573298571,0.201237775296195,"NS","NS",18.7304680367613,35
"Neotoma_albigula","m8",5.15903361433153e-10,0.026462456617573,40,306,155.5132359,0.0983406973211341,8.36716882098e-05,0.000366868171381431,"Pos","Pos",164.310264037161,167,0.0615767384994375,0.0203877607868324,0.0554340596925274,"NS","Pos",314.563645994621,524,-9999,-9999,-9999,"Exl","Exl",6887.79512672154,4050,-0.0507183724367037,0.069805560560662,0.140413483886389,"NS","NS",70.3838725450249,83
"Neotoma_cinerea","m8",0.329044693833408,0.00471810096811254,77,455.4,232.2601293,0.0411416944876616,0.603164733100085,0.704995651525912,"NS","NS",62.2501366151324,131,-0.118669412029407,0.145293741856918,0.273568926989501,"NS","NS",528.781962248685,1687,-9999,-9999,-9999,"Exl","Exl",7884.70887315285,4965,0.00711088161659323,0.919230926154547,0.946267129864975,"NS","NS",38.8107254263531,59
"Neotoma_fuscipes","m8",0.00111542798412739,0.0858181747356415,64.2,415.5,218.0984694,0.0709331559354323,0.451711947493429,0.57216846682501,"NS","NS",116.920795016316,99,0.115498379805429,0.146945595068646,0.273568926989501,"NS","NS",856.101676060516,1481,-0.108020974932262,0.235271866607027,0.355312975216496,"NS","NS",5467.49495698606,4410.925,-0.258234708648221,0.00482592934505541,0.0172354619466265,"Neg","Neg",75.7550430139425,53
"Neotoma_lepida","m8",3.57005837996438e-10,0.076967589695113,32,224,116.3001553,0.170881496774211,0.000145333398867567,0.000621300280158849,"Pos","Pos",142.788565502703,160,-0.0225714331144096,0.617019153926203,0.734546611816908,"NS","NS",244.69489306722,483,-9999,-9999,-9999,"Exl","Exl",7052.46118799089,5964.475,-0.145296551198355,0.00220644683640964,0.00897972549701598,"Neg","Neg",49.1276903199483,84
"Neovison_vison","m8",2.29425990195019e-18,0.173941787418518,206,1540,791.8061364,-0.145903045116844,0.0460989635079242,0.0895786677256254,"NS","Neg",62.5936008560415,242,0.086257371481723,0.225776618777987,0.372744417793846,"NS","NS",777.116075615022,1493,-0.164380743554182,0.0535389694330949,0.100852477304202,"NS","NS",9347.00840754857,9565,0.115899493829493,0.0309018347264174,0.0711656963603057,"NS","Pos",37.4425045675625,60
"Neurotrichus_gibbsii","m8",9.46845609024694e-30,0.113635378535577,3.9,16.9,9.193075658,0.0597735649730643,0.090374450275899,0.150039135894939,"NS","NS",94.1911685926379,99,0.0884722644465528,0.00144945382980926,0.00650395949273386,"Pos","Pos",1542.927527359,2032,-9999,-9999,-9999,"Exl","Exl",4877.80324481518,3378.35,0.0845826125321691,0.00376419032865847,0.0140156022875581,"Pos","Pos",65.8347746230964,47
"Notiosorex_crawfordi","m10",5.82038450291761e-19,0.309736410916971,1.1,5.5,2.997244094,0.129194455805266,0.0539686638226722,0.102540461263077,"NS","NS",170.844158435598,149,0.34303645060402,5.39853005215549e-09,5.55731034780712e-08,"Pos","Pos",385.571966295702,638,-9999,-9999,-9999,"Exl","Exl",6286.61167496576,6158,0.196497892459663,0.00592220610064023,0.0203212954433733,"Pos","Pos",71.2300164167869,73
"Onychomys_leucogaster","m8",7.20269669883567e-12,0.14862779474574,9.5,54,28.87234043,0.362310808590545,1.27723655149145e-06,8.73629801220152e-06,"Pos","Pos",109.396344344688,182,0.219253057408931,8.29421524182735e-06,5.58264487430687e-05,"Pos","Pos",396.982457365007,560,-9999,-9999,-9999,"Exl","Exl",8339.61694553031,5282,-0.0380429583062175,0.559892562204493,0.690008439336523,"NS","NS",50.4388128785601,67
"Onychomys_torridus","m8",8.41831089802572e-07,0.0818209509917185,6,43,21.56288586,0.117953329211221,0.0248351842551145,0.0524298334274639,"NS","Pos",151.834307162481,202,0.184151781381761,0.00481321401432664,0.0186791602175632,"Pos","Pos",318.741748249042,651,-9999,-9999,-9999,"Exl","Exl",6912.37549820067,4092,-0.12754540636586,0.0164328427691445,0.0458931109908822,"Neg","Neg",58.5521998220021,100
"Oreortyx_pictus","m8",7.97477045007968e-12,0.179371085111005,58,300,226.227549,0.0712502640414922,0.21308069456217,0.322449546638328,"NS","NS",99.3725418680283,130,0.10733730439855,0.0508993729765834,0.115680393128599,"NS","NS",865.031214856691,2058,-0.0760315341556837,0.171550485953947,0.283583456372851,"NS","NS",5817.7602200541,4136,-0.263020153897611,1.51051876252167e-06,1.88814845315209e-05,"Neg","Neg",64.5136014102915,61
"Oreoscoptes_montanus","m8",0.569340362746705,-0.00656452910505068,27,59,43.16513089,0.160898761213362,0.241565158475418,0.35610036292497,"NS","NS",112.935549535408,208,-0.0394194372038501,0.659725140522876,0.749687659685086,"NS","NS",367.714069422994,652,-0.0190736744625739,0.834904030996789,0.878275668970648,"NS","NS",7708.99708838646,5095,-0.0480030599486965,0.639243416863403,0.745783986340637,"NS","NS",46.9884497556776,73
"Oryzomys_palustris","m10",1.48452233418915e-10,0.198245339236989,11.1,83.8,43.43113445,-9999,-9999,-9999,"Exl","Exl",178.368296393624,100,-0.0537025073392699,0.387054775090667,0.548882776855963,"NS","NS",1317.20065004668,702.975,-9999,-9999,-9999,"Exl","Exl",6774.85166488019,4764,-0.565782837695654,4.97342627990861e-12,1.24335656997715e-10,"Neg","Neg",23.2577884582138,46
"Otospermophilus_beecheyi","m8",0.538754070305717,-0.004382799689578,130.4,980,509.5704444,0.0140197355462202,0.872834108931595,0.893740315133549,"NS","NS",120.214331983806,133,0.0348115928753218,0.693637987297323,0.778119537032253,"NS","NS",720.701336032389,1685,-9999,-9999,-9999,"Exl","Exl",5632.14076923077,4544,-0.0500274005974054,0.559549207828569,0.690008439336523,"NS","NS",74.527004048583,45
"Passerculus_sandwichensis","m8",2.25465695215283e-31,0.110532504883806,10,31.4,18.35569803,-0.214563487873336,2.34130354628976e-07,2.00181453207774e-06,"Neg","Neg",72.3643799309854,364,0.0212220200481962,0.500255427443068,0.639012407317788,"NS","NS",725.31349181117,1521,-0.31241573715023,7.9405717739622e-16,1.28637262738188e-14,"Neg","Neg",8902.4923723331,12802,-0.236071143441736,3.52453225794876e-11,7.70991431426291e-10,"Neg","Neg",44.42131164583,90
"Perisoreus_canadensis","m8",6.65249929590094e-49,0.243537040055043,33.5,103.8,69.09756155,-0.261373787454119,8.33116352016875e-06,4.52935446568899e-05,"Neg","Neg",0.429062179089202,152,-0.198275771110398,2.00481201108889e-07,1.67067667590741e-06,"Neg","Neg",657.542698504899,1328,-0.00332432670578958,0.957736342791716,0.967680153344729,"NS","NS",11201.6149453505,10072,-0.203360548212509,2.1288543547568e-09,3.4482338074394e-08,"Neg","Neg",39.9002578104585,57
"Perognathus_flavus","m8",1.74593318340596e-08,0.118928249665733,3,14,7.086111111,-0.312522750555753,1.51326841211626e-05,7.61084995505531e-05,"Neg","Neg",145.478731731378,138,0.0530058856506531,0.336545465277153,0.494919801878166,"NS","NS",400.973997705365,508,-9999,-9999,-9999,"Exl","Exl",6679.05622929199,7549,0.0337340143375896,0.593022977721717,0.71571738690552,"NS","NS",69.0668661069472,78
"Perognathus_longimembris","m8",0.00038983444384835,0.053901427175242,3,12.2,7.478333333,0.0314365075126176,0.588234750936201,0.69371132696614,"NS","NS",152.045780434938,150,0.161305518982237,0.0193988374134072,0.0538856594816867,"NS","Pos",215.606769406665,396,-9999,-9999,-9999,"Exl","Exl",7161.6207274373,5613.45,0.137075868965715,0.0414995796653744,0.0875471338767154,"NS","Pos",48.8582045113498,74
"Perognathus_parvus","m8",0.000747673041966265,0.0371749259135261,6,31,16.61161826,-0.127906894247839,0.03716315666868,0.0738941836086544,"NS","Neg",82.5494041388935,92,0.0047737528527269,0.939726484825433,0.939726484825433,"NS","NS",308.081749573073,434,-9999,-9999,-9999,"Exl","Exl",7988.97851594778,3295,-0.143983798470555,0.0314756616539571,0.0711656963603057,"NS","Neg",32.0665821994528,47
"Peromyscus_boylii","m8",6.30610473843803e-20,0.0532531669598029,6.6,43.1,22.56788313,-0.0247392783618638,0.395772410932467,0.524628544724433,"NS","NS",137.156983761481,151,0.162710017574268,3.14439626573197e-08,3.05705192501719e-07,"Pos","Pos",474.497376327886,1081,-9999,-9999,-9999,"Exl","Exl",6433.71327073043,6259,-0.0390695931522186,0.159630877368804,0.276588153856839,"NS","NS",67.8000530726496,82
"Peromyscus_crinitus","m10",1.91042943453636e-07,0.0916095013477988,7,27.5,14.67166227,-0.195210687238775,0.00402071054546372,0.0112711721848245,"Neg","Neg",138.688187535735,166,-0.00980571087670203,0.886834493399973,0.919864310341219,"NS","NS",235.330131503716,432,-9999,-9999,-9999,"Exl","Exl",7463.2590051458,5290,0.0915375238091223,0.09777602609043,0.188030819404673,"NS","NS",45.1420011435106,64
"Peromyscus_eremicus","m8",1.25970329582913e-28,0.109197326127769,4.8,36.98,19.09811784,-0.0749904744329015,0.0157210185615639,0.0349129113510055,"Neg","Neg",182.555286700848,128,0.170015562958155,1.1338160274212e-07,9.9208902399355e-07,"Pos","Pos",342.616668410589,692,-9999,-9999,-9999,"Exl","Exl",6100.22279481009,5431.625,-0.112095880598443,0.000480528620456311,0.00240264310228156,"Neg","Neg",74.9814010672805,81
"Peromyscus_leucopus","m10",2.20956774781304e-47,0.118502566516957,6,41.2,21.45279844,0.132513594588867,4.87625229189408e-06,2.97799693540674e-05,"Pos","Pos",135.621920552184,198,-0.142957667214779,1.67682881143547e-06,1.22268767500503e-05,"Neg","Neg",899.160424308762,1289,-9999,-9999,-9999,"Exl","Exl",7919.33768887538,8830.5,0.0860042685639656,0.0131141097468284,0.0417267128308176,"Pos","Pos",39.0224743489168,87
"Peromyscus_truei","m8",4.35807343957589e-27,0.0827017608606213,6.5,44.1,22.35268387,0.120868879393649,5.29644440467486e-05,0.000244781619783622,"Pos","Pos",105.381609491875,123,0.0654338887458733,0.0239749516737397,0.0626211424314097,"NS","Pos",411.843349668988,1145,-9999,-9999,-9999,"Exl","Exl",7409.13082495056,5378.825,0.0150991498350002,0.623581573440782,0.742359016000931,"NS","NS",49.9734868025105,74
"Phalaenoptilus_nuttallii","m8",0.000330794115915532,0.0566710366445363,21,62,43.77553009,-0.308375597771083,1.31470566946835e-05,6.81256574179054e-05,"Neg","Neg",115.762801521741,202,-0.0487860852270735,0.384857807535847,0.548882776855963,"NS","NS",430.999946359458,989,0.0658893394652142,0.329584924647312,0.430586756394069,"NS","NS",7601.81914472218,6279,0.227277997467656,0.000451873336238761,0.00232581864240539,"Pos","Pos",51.9737780271834,81
"Phenacomys_intermedius","m8",0.225552726037939,0.0124836990925846,7.4,46,23.53693467,0.0657645425464424,0.434386618160477,0.558497080492042,"NS","NS",28.2243310404437,104,0.117773133261593,0.286663997049351,0.443535672922963,"NS","NS",831.356286239061,2002.675,-9999,-9999,-9999,"Exl","Exl",7457.27523679187,4471,0.0378807253569891,0.663472664665334,0.768925273618765,"NS","NS",33.5362480642489,53
"Picoides_pubescens","m8",1.91309052500374e-18,0.136720079978606,10.3,45,26.0638254,-0.398937214284828,6.23439700183693e-15,2.30534076036881e-13,"Neg","Neg",84.6824080634546,186,0.0760069977017248,0.0701218492232038,0.152525417136674,"NS","NS",780.148537413306,1296,-0.0524714980644624,0.343874777992957,0.442124714562373,"NS","NS",9026.72303163819,7783,0.106136005113419,0.023776435779683,0.0611893567859489,"NS","Pos",37.3858835686408,65
"Picoides_villosus","m8",4.6149740532221e-73,0.331458283081286,16.70000076,118,66.47109839,-0.38914994008117,4.42323073371455e-22,7.56372455465188e-20,"Neg","Neg",82.4254990849261,202,0.16104335435342,6.66030407690228e-07,5.29796915208136e-06,"Pos","Pos",811.601354192951,1722,0.283804673251337,2.41789883329138e-10,1.78045277724183e-09,"Pos","Pos",8759.78271569489,10539.975,-0.00134427355448052,0.969250952927633,0.974821360703079,"NS","NS",39.6291457475905,78
"Pinicola_enucleator","m8",9.76389306566803e-25,0.266238091132347,33.4,97,58.33549999,-0.171235993701827,0.00701893794340186,0.0176505645341429,"Neg","Neg",17.8822786330123,151,0.126394285713223,0.0471152318135211,0.108489020623239,"NS","Pos",704.592894481936,1381,0.336964716793269,1.03204372539269e-06,4.91738480922399e-06,"Pos","Pos",10655.7502341555,9321.4,-0.0241421761905211,0.638552197831223,0.745783986340637,"NS","NS",38.4064602896323,56
"Pipilo_erythrophthalmus","m8",8.67508002917246e-05,0.0727887128023716,12.69999981,60,41.16392971,-0.100997927444988,0.303560498309321,0.431628655957868,"NS","NS",123.118099132443,165,0.108638214266595,0.14580793870762,0.273568926989501,"NS","NS",1082.5578835438,808,-9999,-9999,-9999,"Exl","Exl",8602.21139461759,5937,-0.0925357547515705,0.219641075814841,0.355899891366641,"NS","NS",24.1520803574281,43
"Pipistrellus_hesperus","m8",0.000235476796714038,0.0984120589148005,2,7,3.685280193,0.116874607086532,0.118297559922566,0.190838516478856,"NS","NS",174.543468292288,156,-0.0613586117772791,0.524275601442499,0.660059210449189,"NS","NS",385.317598611748,878,-9999,-9999,-9999,"Exl","Exl",5818.1834039148,6215.1,0.0184369143618663,0.825992304022264,0.892275637061088,"NS","NS",74.6727627473723,85
"Poecile_atricapillus","m8",2.62629406849224e-31,0.327024941238334,4.1,17.6,12.16340967,0.241940739311508,1.63824209085905e-06,1.07745922129576e-05,"Pos","Pos",52.6581858193168,131,0.116051428282825,0.0346632391923167,0.0848494635020576,"NS","Pos",711.83932735929,1240,-9999,-9999,-9999,"Exl","Exl",9856.93669434528,7497,0.397329678568961,9.95958159939036e-11,1.93658531099257e-09,"Pos","Pos",38.0217432501943,57
"Poecile_gambeli","m8",0.00228918682545985,0.0170014488377269,6.7,20.3,11.29061384,-0.0357834866662894,0.361811416077706,0.491029778962601,"NS","NS",72.1442468970144,177,0.0435913578402762,0.249166157158483,0.396400704570314,"NS","NS",500.594326568266,1258,-9999,-9999,-9999,"Exl","Exl",7692.9515368165,4503,0.0982131657714425,0.0164724050385775,0.0458931109908822,"Pos","Pos",42.164028430057,72
"Polioptila_caerulea","m8",0.00284291553737783,0.0548239492529164,3.22,8.9,5.662621723,-0.0846964825908686,0.305421446613462,0.431628655957868,"NS","NS",147.375397819732,203,0.204277492030665,0.00771859907998398,0.0254859403584377,"Pos","Pos",871.506000297614,1503,0.0839402035028148,0.317921815023906,0.422158475687482,"NS","NS",7083.97090575692,9354,-0.00580768666704388,0.942770521292165,0.959214193175168,"NS","NS",43.1151673122987,98
"Pooecetes_gramineus","m8",8.93327653612245e-13,0.0950840381432805,8.3,41,24.75233385,-0.0597247010050949,0.268661360932824,0.38933129423316,"NS","NS",100.951356054015,201,0.251194107978666,4.18521559306252e-09,4.57757955491213e-08,"Pos","Pos",706.292299494615,1245,0.144433714191065,0.00202574542140734,0.00546951263779982,"Pos","Pos",8637.25169434801,8702.75,-0.00177521376088295,0.968510880300274,0.974821360703079,"NS","NS",41.487610414258,81
"Procyon_lotor","m8",0.0248775878070794,0.0849464429792667,960,7257,4248.418519,-0.180256632530329,0.130994378439595,0.209346156197857,"NS","NS",143.936390194492,207,-0.0601740716135253,0.582375149523348,0.698052405250588,"NS","NS",931.999845592277,2125,0.0196260892522607,0.896401257864655,0.919094960595406,"NS","NS",6963.94552907291,10059,0.0568672039290942,0.692305562273428,0.781635312244193,"NS","NS",48.1607610859598,98
"Psaltriparus_minimus","m8",4.46647350085114e-53,0.205485975790641,1.7,8.8,5.516291332,-0.208917141767318,4.30339126381616e-13,7.35879906112563e-12,"Neg","Neg",120.560684588067,169,-0.0756884711053782,0.0114131711345657,0.0356661597955178,"Neg","Neg",554.81613796179,1734,0.181129759458205,1.98124232692047e-08,1.33733857067132e-07,"Pos","Pos",6551.68860161956,7556,-0.225050376069727,5.42953926753725e-15,1.90033874363804e-13,"Neg","Neg",56.5357657564568,93
"Regulus_satrapa","m8",5.29656483656137e-08,0.0731240867088593,2,9.1,5.900037452,-0.094511063595803,0.0890955963415858,0.149366146807953,"NS","NS",78.4814110351524,207,-0.0194236757442377,0.691075095317991,0.778119537032253,"NS","NS",872.318499073402,1659,0.0693686252244613,0.273313134122614,0.381695928688478,"NS","NS",8776.97217436335,8904,-0.0867876577637585,0.124830570000798,0.232397337767443,"NS","NS",34.5225184586874,70
"Reithrodontomys_fulvescens","m10",0.0575005101110008,0.0202759558172331,5.2,18.5,11.61909385,-9999,-9999,-9999,"Exl","Exl",189.4060604158,122,-0.0217700687916078,0.806093746395619,0.86543807128364,"NS","NS",911.354842760385,1475,-9999,-9999,-9999,"Exl","Exl",5095.8747576854,7635,-0.0650417290869815,0.404075555271193,0.54105735994621,"NS","NS",64.1680858912076,99
"Reithrodontomys_megalotis","m8",1.68230863402486e-16,0.0770981354509929,3,19,10.0015407,-0.101597268635069,0.00992633826001743,0.0229378897630132,"Neg","Neg",123.722965449161,154,0.0758764595094517,0.0124698428929086,0.0376245259699828,"Pos","Pos",505.696236920039,1157,0.170643372186578,1.68654432464916e-05,6.50524239507533e-05,"Pos","Pos",7454.47464165844,8952,-0.0458733249156304,0.241590369181977,0.380885717178793,"NS","NS",58.6143928923988,85
"Salpinctes_obsoletus","m8",3.34698175147493e-05,0.075507877182784,8.9,27,16.31269697,0.0462673933862875,0.512134910806138,0.63096096469467,"NS","NS",110.07982044,213,0.197011019575971,0.00100225247220142,0.00486592425456791,"Pos","Pos",455.708244447644,1100,-0.219173171346226,0.000753724147352399,0.0022611724420572,"Neg","Neg",7425.4764294782,8100,-0.236254507906633,0.000255054008170836,0.00139482660718426,"Neg","Neg",53.7276826028347,87
"Sciurus_carolinensis","m8",0.000160694564954742,0.116791182009627,158.8,984.2,549.6471823,-0.322486103889509,0.000540510443305865,0.0021006201319387,"Neg","Neg",124.904050451189,161,-0.0460547376146981,0.577304858456021,0.696747242964163,"NS","NS",1101.22579470878,834,-0.328485666093497,0.000289419032322294,0.000937717664724233,"Neg","Neg",8469.55974671862,6938,-0.0966179169785306,0.257720921747237,0.388803114704883,"NS","NS",23.6331983182937,47
"Sciurus_griseus","m8",0.461314648096296,-0.00239144935718705,346.2,977,746.9230769,0.116646296332724,0.404218725734167,0.531703093081097,"NS","NS",120.257793511571,111,0.0840900680494394,0.445485910129344,0.592925727266733,"NS","NS",843.307777660361,1538.875,0.139746207027391,0.247530609931866,0.358035346508592,"NS","NS",5426.30529430413,4221.75,-0.119631302727993,0.334305221509819,0.471801723904987,"NS","NS",77.0066575081898,39
"Scolopax_minor","m8",8.35707172164515e-07,0.162569633699777,39.3,297.7,154.651269,-0.172380090643792,0.0858998086606422,0.14699743396244,"NS","NS",102.266299860383,181,0.0661610208276541,0.457767164825752,0.602325216875989,"NS","NS",1043.12632673282,937,-9999,-9999,-9999,"Exl","Exl",9147.612537719,6620,0.0458251117927104,0.543328120672468,0.684046195091237,"NS","NS",24.6157428953176,45
"Setophaga_ruticilla","m10",1.72786631544247e-07,0.0726936886007722,2.4,12.5,8.145681818,0.19317496879001,0.00239256092530904,0.00703863835583928,"Pos","Pos",96.7816524697132,264,-0.0640886446742488,0.233879646376179,0.382513440334872,"NS","NS",882.29589115718,1836,-9999,-9999,-9999,"Exl","Exl",8563.50407457684,12204,-0.122827849149531,0.0134706004396961,0.0419546045236623,"Neg","Neg",40.7739704463217,81
"Sialia_mexicana","m8",5.48325744470543e-07,0.0848736719214535,11.6,39.9,26.06636591,-0.109076786518269,0.0699959087948087,0.127332983020343,"NS","NS",106.77932784176,192,0.00810891770034286,0.87576240163189,0.917715091530424,"NS","NS",524.284492330734,1730,-0.0717706151194235,0.194726247629165,0.315456521159247,"NS","NS",6839.94750942519,6803,0.0529817194395314,0.320820129905454,0.460782576270364,"NS","NS",53.7696250581005,83
"Sialia_sialis","m8",0.260573017117381,0.00772476219368623,11.3,44,28.71375495,0.100469434822624,0.369248472778712,0.497177077520943,"NS","NS",113.513450636505,196,-0.0623380965722916,0.447235405709764,0.592925727266733,"NS","NS",936.683741824056,1137,-9999,-9999,-9999,"Exl","Exl",8700.50083496103,10909,-0.0278467549320629,0.771969105781488,0.844341209448503,"NS","NS",36.1063002100342,81
"Sigmodon_hispidus","m10",1.52428264857263e-15,0.0849323165921791,21,165,83.34337602,0.253221579978093,2.44216427930807e-09,2.7840672784112e-08,"Pos","Pos",169.967735758057,117,-0.103046424446024,0.0245737899262624,0.0632413711337635,"NS","Neg",890.258929584657,1303,-9999,-9999,-9999,"Exl","Exl",7386.63800073763,5937.22500000001,-0.0900054536322127,0.0343082008682386,0.0759991791385032,"NS","Neg",40.3012653200182,66
"Sitta_canadensis","m8",0.156722930320051,0.00870385499330062,5.3,13.8,10.33104762,-0.0684932154469198,0.228464006475706,0.342696009713559,"NS","NS",75.0022937026766,196,-0.0898070668151863,0.0808142904210433,0.16638236263156,"NS","NS",787.575697331164,1410,-0.0522168485747311,0.378819488658234,0.479443415333077,"NS","NS",9159.61010581008,8089.0499999999,-0.059354539883542,0.304925890805116,0.448420427654582,"NS","NS",36.8853089886402,64
"Sitta_carolinensis","m8",2.99365353214725e-110,0.432371699352301,5.2,30,18.1134338,0.146496829419401,8.47369917253171e-07,6.30001112392575e-06,"Pos","Pos",93.9576507735785,178,0.171437272876074,2.89361835972096e-10,4.60348375410153e-09,"Pos","Pos",796.567715582217,1217,0.474691076593043,1.00665556688486e-38,8.15391009176737e-37,"Pos","Pos",8743.80452542419,9254,-0.113746568045458,0.000851632522400823,0.00375786086845059,"Neg","Neg",38.8875371560535,80
"Sitta_pygmaea","m8",0.000175297955348846,0.0477640380367684,5.3,14.4,10.47878924,-0.181710514983492,0.00111170754931682,0.00391464793862506,"Neg","Neg",83.296574253929,169,-0.0776791903836703,0.136542082588915,0.26549849392289,"NS","NS",525.273176761434,1085.22500000001,-0.144400351866152,0.0124767454735756,0.026595167983148,"Neg","Neg",7028.32617428925,7317,0.132311120583972,0.0200536701003698,0.0531726101146169,"NS","Pos",50.5035905585967,88
"Sorex_bendirii","m8",3.63168598519924e-05,0.121991777233621,5.7,27.2,15.1795,0.275664916428661,0.00100617985632056,0.00369195970785602,"Pos","Pos",92.9230928047899,62,-0.130618004502855,0.0715578509949988,0.152714925903961,"NS","NS",1753.16382781047,2131.85,-9999,-9999,-9999,"Exl","Exl",4711.99298028285,3112.55,0.0714143663370956,0.327679028418778,0.466209999782814,"NS","NS",61.55321564984,40
"Sorex_hoyi","m8",0.00123930977141752,0.0363059206892646,2,6.8,3.668108696,-0.142345738458595,0.0301805862927747,0.0621792801935479,"NS","Neg",24.5604290601979,175,0.182798826478945,0.000962659039795538,0.00481329519897769,"Pos","Pos",710.071700576956,988,-9999,-9999,-9999,"Exl","Exl",10926.2748148501,6712,0.116792697965491,0.0140276267932991,0.0423247360142645,"Pos","Pos",36.5888032997733,56
"Sorex_monticolus","m8",1.12640390846668e-296,0.146754511768478,1.8,11.5,5.943854691,-0.0555979513907435,0.00239934377783622,0.00703863835583928,"Neg","Neg",32.0376081512103,156,0.254747055415994,6.50346488701912e-84,1.13810635522835e-81,"Pos","Pos",740.636426762708,2187,-0.0979288092538241,3.36606402075576e-06,1.51472880934009e-05,"Neg","Neg",7897.33032585398,7489,-0.134448828208298,4.95641977906163e-36,4.33686730667893e-34,"Neg","Neg",40.3688228241296,61
"Sorex_ornatus","m8",5.89593559384511e-06,0.128550090198661,1.8,7.5,4.5075,-0.197729448964152,0.0120888881667015,0.0271999983750784,"Neg","Neg",147.415001674294,98,-0.0385801091941076,0.652336894972165,0.749687659685086,"NS","NS",490.015515124456,739,0.200098345508667,0.00363640702789033,0.00841568483597476,"Pos","Pos",5172.32358522156,4574.1,-0.0403636604212012,0.60843286081934,0.729285963310853,"NS","NS",85.426944971537,26
"Sorex_trowbridgii","m10",4.46804300267707e-59,0.058845185612057,1.3,9.4,4.829657475,0.0814012326511021,9.99130344326422e-07,7.11880370332576e-06,"Pos","Pos",90.8921394657331,104,0.218862193566132,3.57277152428815e-39,2.08411672250142e-37,"Pos","Pos",1371.65066423673,2179.75,-9999,-9999,-9999,"Exl","Exl",5255.0657522421,4021.5,-0.0256001311623636,0.130052278091961,0.239297454283697,"NS","NS",67.2436813582082,46
"Sorex_vagrans","m10",1.91223358477897e-29,0.0679175752398796,1.2,9.35,4.767023692,-0.00318298901645207,0.888825520627245,0.90469740492416,"NS","NS",66.5982172572967,122,0.0027924603960537,0.900999529273744,0.919864310341219,"NS","NS",792.1758866685,2130.35,-9999,-9999,-9999,"Exl","Exl",6946.28306828541,5354,-0.0596467126137799,0.00641443088677714,0.0215870270228077,"Neg","Neg",42.7902817370165,69
"Sphyrapicus_nuchalis","m8",1.398274979508e-06,0.0825489678001537,22.4,63,45.81722798,-0.00120264841591408,0.988349237327723,0.988349237327723,"NS","NS",89.8474543375402,215,0.15087629506657,0.00706820724157303,0.0247387253455056,"Pos","Pos",419.327164573695,814,-9999,-9999,-9999,"Exl","Exl",7659.93318750721,5670.07499999998,-0.0115624307633272,0.839130624382847,0.897107698533398,"NS","NS",45.4202887147368,89
"Sphyrapicus_ruber","m8",2.99108543778698e-12,0.121566763014613,33,78.2,48.21997917,-0.171466730491551,0.00897409361363699,0.0210215069579716,"Neg","Neg",89.3757881261002,158,0.208729772058048,1.38988210107033e-05,8.38721957542441e-05,"Pos","Pos",1151.00897743639,2865,-0.0412183218831585,0.486235276723762,0.579192020803305,"NS","NS",5921.40409665546,5515.55,-0.144698136080725,0.00279076345767381,0.0106170348933243,"Neg","Neg",55.5515442470795,68
"Spinus_psaltria","m8",1.86499800946658e-05,0.0334477583604974,5.5,14.7,9.149685139,-0.0146333081350683,0.745512591119301,0.786929957292596,"NS","NS",151.999322536525,217,0.0466647199044595,0.247672153980057,0.396400704570314,"NS","NS",611.539874477522,1937,0.161124114860379,0.0010634063598445,0.00307628268383587,"Pos","Pos",5875.03020038432,8327,-0.10024813828165,0.0162577697876479,0.0458931109908822,"Neg","Neg",63.2657148091811,95
"Spinus_tristis","m8",3.0890522833097e-19,0.103261202305421,3.2,22.5,12.45400906,-0.18609223960166,0.000199787880810051,0.000833261649232164,"Neg","Neg",93.6197510135975,193,-0.0423047475773416,0.271826729399887,0.424729264687323,"NS","NS",773.583252889098,1319,0.16336772637076,0.00241178777487601,0.0061048378051549,"Pos","Pos",8861.14339989519,8196,-0.0310932987389914,0.587411540222883,0.713868191243087,"NS","NS",38.8106882808837,68
"Strix_varia","m8",2.23449273302261e-07,0.182390561308817,211.1,1190,711.2174603,0.160736292127967,0.0684955945467239,0.125943512553654,"NS","NS",104.298252815925,181,-0.0656357855617475,0.435529421257621,0.592925727266733,"NS","NS",1040.52481203482,1141,0.034371604824037,0.751134642657506,0.849140154879914,"NS","NS",8685.01850758334,7471,0.356672405536094,1.57705271438805e-05,0.000137992112508954,"Pos","Pos",28.0902043381194,54
"Sturnella_magna","m10",8.12784266713481e-08,0.102127167704515,29.6,139.9,101.830618,-0.210709476112594,0.000589619929324088,0.00224055573143153,"Neg","Neg",141.01155389697,220,0.0114606624216561,0.841813530079702,0.887454022674385,"NS","NS",1132.61063802703,1810,-9999,-9999,-9999,"Exl","Exl",7570.18299309245,10708,0.15409706937263,0.012823130268946,0.0415564406863991,"Pos","Pos",32.7407290780332,80
"Sturnella_neglecta","m8",5.48401921911267e-08,0.0938478123965353,29.5,163,102.3316748,-0.0362453885091316,0.509075372889014,0.63096096469467,"NS","NS",100.531340592365,206,0.0298471939409088,0.541573078111808,0.670830336545065,"NS","NS",553.661160542768,1119,0.195251320951877,0.00172402256925357,0.00481537338308756,"Pos","Pos",8633.08284508051,9158,0.0092431787475234,0.871011981234058,0.910425785466222,"NS","NS",49.876589186546,81
"Sylvilagus_audubonii","m8",1.76840485108408e-05,0.171516545899624,149.3,1160,650.3902685,0.0200999721894349,0.868806293237022,0.893740315133549,"NS","NS",143.754015038093,186,-0.103018949657984,0.201884627464155,0.35319642329173,"NS","NS",369.175142397808,601,-9999,-9999,-9999,"Exl","Exl",6954.0846376107,7175.85000000001,0.00308220996002359,0.978401624153102,0.978401624153102,"NS","NS",64.5464816277824,89
"Sylvilagus_floridanus","m8",0.000414566733641036,0.152037627246731,309.2,1616,1088.393387,-0.194398336706719,0.0871307820456218,0.14751845277031,"NS","NS",146.225208798797,197,-0.0476333374676008,0.655519038919864,0.749687659685086,"NS","NS",977.426109337237,1423,-9999,-9999,-9999,"Exl","Exl",7185.40141586557,10137,-0.0536408905712485,0.681906267739915,0.776800901606152,"NS","NS",44.3941482121915,99
"Synaptomys_borealis","m8",7.04298953167496e-08,0.0612556263972365,7.46,42,22.04684211,-0.232039956483181,0.00211778489380642,0.00683285314794147,"Neg","Neg",-20.4434809472574,143,0.130141423126677,0.0123336353758809,0.0376245259699828,"Pos","Pos",583.580536054799,1563,-0.228998179339665,0.00332473423976584,0.00792069039473627,"Neg","Neg",11494.0764293552,9798,-0.134392087123957,0.00241327226262107,0.00959824195360653,"Neg","Neg",44.4216664358535,56
"Tamias_amoenus","m8",3.41125089478423e-23,0.0807435111090997,17,88,45.75011931,-0.0598639114614116,0.0510658279760245,0.0981152425157325,"NS","NS",43.7435332620052,106,0.097712056618614,0.00490995068575947,0.0186791602175632,"Pos","Pos",643.836843098999,1611,-9999,-9999,-9999,"Exl","Exl",7536.03581093839,3665.89999999999,-0.141935137873013,1.05927716897297e-05,9.75650024054051e-05,"Neg","Neg",35.5298508402039,60
"Tamiasciurus_douglasii","m10",2.46208174747694e-42,0.354834824268264,66.3,325,194.0652778,-0.408862035790306,4.62134120223663e-21,3.95124672791232e-19,"Neg","Neg",80.4795918367347,99,-0.277863023622097,2.15819304575173e-11,4.72104728758191e-10,"Neg","Neg",1286.66975881262,2262.125,-9999,-9999,-9999,"Exl","Exl",5552.60815483218,3952,0.0566151968448719,0.15262016090284,0.26708528157997,"NS","NS",62.1396103896104,45
"Tamiasciurus_hudsonicus","m8",7.57885185071538e-54,0.163233568910305,52,390,205.4326521,-0.0612342091927917,0.14317857641558,0.222577605155129,"NS","NS",32.8991848521404,173,-0.353481013406857,1.27615286417869e-27,3.72211252052118e-26,"Neg","Neg",730.143240544612,1520,-0.224595646357494,3.9692933578696e-06,1.69217243151283e-05,"Neg","Neg",10054.3975197342,9400,0.209652902639573,6.67464520681638e-14,1.94677151865478e-12,"Pos","Pos",36.2621613250145,58
"Tamias_dorsalis","m8",5.14565214087548e-07,0.161945380168222,24.6,92.2,59.41985294,-0.127069002821154,0.185985380680261,0.283959822288613,"NS","NS",105.548163247604,163,0.0654109004638582,0.477167647632249,0.618550654338101,"NS","NS",406.073079758858,732,-9999,-9999,-9999,"Exl","Exl",7309.2985427419,5459.35,0.20528888017904,0.0317195675205934,0.0711656963603057,"NS","Pos",48.5104957279785,95
"Tamias_minimus","m8",5.671283414452e-49,0.132856051472494,10,70,37.7480066,0.0106732504980267,0.707109582793898,0.770163940495265,"NS","NS",39.5865311336435,143,0.338117420225875,1.66791282615125e-32,5.83769489152938e-31,"Pos","Pos",494.524891672776,691,-9999,-9999,-9999,"Exl","Exl",9850.74459815499,6214,-0.12889066285925,2.18097177731516e-06,2.54446707353435e-05,"Neg","Neg",41.0810077153661,54
"Tamias_speciosus","m8",0.000330962743744885,0.0421218322154837,22,94.2,54.47605096,0.1387599177781,0.00409906815117951,0.0113054944169628,"Pos","Pos",59.7115568290353,104,0.0277810893433218,0.54433090165371,0.670830336545065,"NS","NS",753.930595351799,910.5,-9999,-9999,-9999,"Exl","Exl",6155.21840178287,1503.5,0.118678085889467,0.0196745124965399,0.0529698413368382,"NS","Pos",66.4457179242279,36
"Tamias_striatus","m10",0.000630345088938111,0.0837811541402573,22.5,171,87.19742718,0.192048434340025,0.00841221725460031,0.0202604105709388,"Pos","Pos",83.8975319699194,138,0.178438728443479,0.0152504444773016,0.0444804630587963,"Pos","Pos",999.385499197109,758,-9999,-9999,-9999,"Exl","Exl",9602.92536024124,5008,0.241092632385333,0.000911793893195219,0.00389180320266252,"Pos","Pos",22.8892380745444,43
"Tamias_townsendii","m8",3.09203338121477e-05,0.0271561331743954,19,122.2,70.0523159,-0.132978787454598,0.00695122247228498,0.0176505645341429,"Neg","Neg",82.6557029177719,84,0.0436422486757977,0.219268533195632,0.368961474127265,"NS","NS",1647.59372236958,2061.275,-9999,-9999,-9999,"Exl","Exl",5157.32024756852,3809.1,0.14932260980627,3.4770200686964e-05,0.000243391404808748,"Pos","Pos",60.9590627763042,31
"Thomomys_bottae","m8",8.89521701090816e-25,0.0742722239343081,28.8,219,110.4246541,0.0109926195298645,0.743251790951539,0.786929957292596,"NS","NS",143.60554922149,186,-0.249859174588117,2.00012171771494e-14,5.00030429428735e-13,"Neg","Neg",380.702930399742,1163.55,-9999,-9999,-9999,"Exl","Exl",6770.22937536445,5634.55,-0.04382617136269,0.144542414295139,0.257555140129882,"NS","NS",61.0973724749563,92
"Thomomys_talpoides","m8",2.03937568028798e-12,0.115996338068115,24,158,80.59221135,-0.249814411346993,8.15597010756061e-07,6.30001112392575e-06,"Neg","Neg",60.2790174615107,119,-0.0797907916541753,0.144461910685043,0.273568926989501,"NS","NS",473.281486642586,1194,0.147912532807021,0.00272958424570543,0.00669988860309515,"Pos","Pos",8332.40414504605,6527,0.07050392154275,0.120427998797667,0.226611825694535,"NS","NS",41.0759578772377,58
"Thryomanes_bewickii","m8",6.2107053690529e-24,0.147408710172805,4.9,16.6,9.922048193,-0.0523783083802101,0.133743921308058,0.211761208737758,"NS","NS",144.254236696968,167,0.198307972244553,1.06325614801926e-07,9.79314873175634e-07,"Pos","Pos",619.020875024524,1582,0.0622202290213537,0.0801738919926312,0.144313005586736,"NS","NS",6745.4153249188,7648,-0.225785127345407,2.16746125039048e-09,3.4482338074394e-08,"Neg","Neg",55.4515815403396,88
"Thryothorus_ludovicianus","m10",3.54578124224176e-05,0.130219279218961,10,25.1,18.55055866,-0.209971589914802,0.0171930659676407,0.0376924907752123,"Neg","Neg",140.422090271788,146,0.22674739399792,0.0076229443692939,0.0254859403584377,"Pos","Pos",1115.75871315155,865,-9999,-9999,-9999,"Exl","Exl",8134.16007098786,5343,-0.100643824981025,0.286837207248285,0.425394163291948,"NS","NS",23.1268051040492,39
"Tympanuchus_phasianellus","m10",1.42631704460772e-06,0.161413857889191,369,1004,767.9399457,0.239734287654056,0.00124657432023684,0.00417969036785293,"Pos","Pos",22.1744167499954,147,0.165780260932584,0.0350603245888513,0.0848494635020576,"NS","Pos",508.734554533799,588,-9999,-9999,-9999,"Exl","Exl",11416.9211055831,7611,0.153685948003555,0.052440477319022,0.109250994414629,"NS","NS",46.8706789195689,52
"Tyto_alba","m8",3.57745341908291e-07,0.0871089551592389,234,674.5,417.2881704,-0.064093171378961,0.328760900936353,0.457057837887125,"NS","NS",158.293378021012,184,0.0704704154759593,0.189596398340498,0.342055357830795,"NS","NS",910.851977104154,2409,0.302486185020361,2.33567895497731e-05,8.59954524332555e-05,"Pos","Pos",6461.91578496884,9061,0.154818090310928,0.03162738649965,0.0711656963603057,"NS","Pos",48.7085105838627,96
"Vireo_cassinii","m8",0.0237612221266665,0.0233287074086276,11.1,19.8,14.52771574,-0.0720075037601067,0.289207274376518,0.415583562339366,"NS","NS",114.447628055879,233,-0.0400788144036174,0.44110435549653,0.592925727266733,"NS","NS",590.605389018238,1795,0.00885153799785,0.891330133851559,0.919094960595406,"NS","NS",6476.58764551804,7344,-0.0915409023445562,0.180182469566974,0.300304115944957,"NS","NS",57.7507033372138,94
"Vireo_gilvus","m8",2.5518784399857e-22,0.153633869328272,6.5,20.2,11.75778443,0.29095410475765,4.06231775764424e-08,3.85920186976203e-07,"Pos","Pos",96.0789674556512,229,0.144467578017834,0.000319831043298244,0.00180549782507073,"Pos","Pos",714.925244345534,1366,0.44774631603836,3.46537479633635e-17,9.35651195010815e-16,"Pos","Pos",8575.20010889958,11214,-0.112475211119589,0.0155008804272296,0.0458931109908822,"Neg","Neg",43.2758738257674,93
"Zapus_hudsonius","m8",6.69798692453971e-15,0.105344836546034,5.5,33,17.26446809,-0.0340494007893327,0.5128863982021,0.63096096469467,"NS","NS",59.8879802680092,141,0.0881965045193183,0.0666996195379533,0.147752321761289,"NS","NS",766.884366974343,1014,-0.286583774774281,7.95208858489272e-07,4.02574484610194e-06,"Neg","Neg",10059.4132784092,6416,-0.0388841455894547,0.343150810993208,0.476598348601678,"NS","NS",36.3917181580085,58
"Zapus_princeps","m8",3.07317352955757e-13,0.0731977940303669,7.2,43.7,23.76264327,-0.114767436172003,0.00242853604090361,0.00703863835583928,"Neg","Neg",39.2788575231703,114,-0.17090959148613,1.29080692036288e-05,8.1560546634825e-05,"Neg","Neg",583.386541770216,1210,-9999,-9999,-9999,"Exl","Exl",8257.30634323867,7026,-0.152816260272748,0.000238626845431352,0.00134708703066086,"Neg","Neg",38.2795089105546,62
"Zapus_trinotatus","m8",4.26707818323829e-05,0.0470632452702501,7.2,38,24.09222222,-0.0676256976513347,0.2588679029783,0.378345396660592,"NS","NS",80.9577089270939,96,0.0976706751027827,0.0360236633130135,0.0851910956726671,"NS","Pos",1759.3263767583,2051.2,-9999,-9999,-9999,"Exl","Exl",4978.54206123012,4146.3,0.100534110845072,0.0277386975566932,0.069346743891733,"NS","Pos",60.875976831847,38
"Zonotrichia_albicollis","m8",6.90650853677905e-07,0.0501151854713414,10.7,49,26.38572701,0.0542916500937016,0.493257624665171,0.620198925130472,"NS","NS",70.8684361026942,231,-0.054563044199357,0.257792600242709,0.406429775157424,"NS","NS",775.404871244469,1168,-9999,-9999,-9999,"Exl","Exl",9915.18900056571,8843,-0.0199105146804787,0.630948048880507,0.745783986340637,"NS","NS",39.1646458932294,69
"Zonotrichia_leucophrys","m8",2.26089393896019e-29,0.0604582132926584,6.9,41.6,26.60166523,-0.114034290062634,0.00393132989690657,0.0112042902061837,"Neg","Neg",66.012474973374,308,0.125396922313547,9.98879645758934e-07,7.60017121773102e-06,"Pos","Pos",685.976849114695,1341,0.0603593581178,0.111180244277056,0.191608506094501,"NS","NS",9195.24230322169,11287,-0.00428296291772505,0.874618555900005,0.910425785466222,"NS","NS",43.2464100738979,87
