"lifestage","sex","month","decimallongitude","decimallatitude","year","scientificname","sciname_cor","massing","lengthinmm","bio1","bio12","bio4","bio15","seasonality","Ids","bio1_2yr","bio12_2yr","bio4_2yr","bio15_2yr","bio1_5yr","bio12_5yr","bio4_5yr","bio15_5yr","sex","lifestage"
"ad","[male]",12,-103.6422729,29.9739702,1979,"Aimophila ruficeps eremoeca","Aimophila_ruficeps",21.5,NA,15.4,410,7.00066555277555,109.833565479937,"Winter",3593,15.85,491.5,7.03170730489733,108.854111581959,15.9,413.8,6.87360445581389,105.376265057162,"M","Adult"
"ad","male",7,-110.8552745,31.750276,1993,"Aimophila ruficeps scottii","Aimophila_ruficeps",19.4,NA,15.9,762,6.62522155146985,125.007848405671,"Summer",3597,15.55,824.5,6.74258946194841,111.686307550197,15.6,712,6.68413911733194,110.126213199611,"M","Adult"
"ad","male",7,-110.8552745,31.750276,1993,"Aimophila ruficeps scottii","Aimophila_ruficeps",20,NA,15.9,762,6.62522155146985,125.007848405671,"Summer",3743,15.55,824.5,6.74258946194841,111.686307550197,15.6,712,6.68413911733194,110.126213199611,"M","Adult"
"ad","male",10,-103.8499258,30.3941115,1974,"Aimophila ruficeps eremoeca","Aimophila_ruficeps",23.5,NA,15,593,6.34165521840244,153.657341598397,"Fall",3590,14.75,524,6.38219473051868,149.408830810719,14.92,465.8,6.19407524028262,130.159858325059,"M","Adult"
"ad","female",3,-104.7351833333,32.1103166667,2008,"Aimophila ruficeps","Aimophila_ruficeps",21.5,NA,13.8,412,6.38954520124773,127.913804969126,"Spring",3611,13.7,511.5,6.6041735966223,109.945123353444,13.82,586.4,6.65124121023302,112.365055311678,"F","Adult"
"ad","male",7,-104.2272949,30.590637,1978,"Aimophila ruficeps eremoeca","Aimophila_ruficeps",20.8,NA,14.5,705,6.82406614767756,104.51906795054,"Summer",3738,14.75,527,6.88740911627845,90.9197255805492,14.14,501.8,6.55831821466072,106.35574320507,"M","Adult"
"ad","male",8,-103.6958385,30.507234,1980,"Aimophila ruficeps eremoeca","Aimophila_ruficeps",20,NA,16.8,425,7.64559687108544,147.658502324407,"Summer",3741,16.25,428,7.40868195373745,131.305562619311,16.38,435.8,7.22872623616909,113.480500762117,"M","Adult"
"ad","male",3,-104.7351833333,32.1103166667,2008,"Aimophila ruficeps","Aimophila_ruficeps",21.2,NA,13.8,412,6.38954520124773,127.913804969126,"Spring",3610,13.7,511.5,6.6041735966223,109.945123353444,13.82,586.4,6.65124121023302,112.365055311678,"M","Adult"
"ad","male",5,-103.712579,30.507234,1975,"Aimophila ruficeps eremoeca","Aimophila_ruficeps",21,NA,15.9,366,6.39642419045535,119.950475557416,"Spring",3594,16.25,463.5,6.50810314900554,139.332155207388,16.52,400.6,6.42599954789125,134.90238890315,"M","Adult"
"ad","male",6,-104.2117576,30.7585058,1977,"Aimophila ruficeps eremoeca","Aimophila_ruficeps",18.2,76,14.9,330,6.89986275665002,77.762730706587,"Summer",3736,13.95,370,6.6152351121352,84.7129280392414,13.92,458.8,6.42461689498997,119.738393486356,"M","Adult"
"ad","male",11,-102.9341697,29.3431272,1987,"Aimophila ruficeps eremoeca","Aimophila_ruficeps",22.5,71,18.2,405,7.04510898468296,73.1702434344378,"Fall",3596,18.95,435.5,6.93257482019344,83.1672940547157,19.22,389.8,7.17210419808779,84.3658087209085,"M","Adult"
"ad","male",12,-103.6453629,30.5054839,1980,"Aimophila ruficeps eremoeca","Aimophila_ruficeps",22.5,NA,16.9,430,7.65499935672859,147.676543132939,"Winter",3592,16.3,427,7.41689905413566,131.035395136333,16.4,435,7.23414589399628,112.725266339936,"M","Adult"
"ad","female",10,-103.8499258,30.3941115,1974,"Aimophila ruficeps eremoeca","Aimophila_ruficeps",19.8,NA,15,593,6.34165521840244,153.657341598397,"Fall",3732,14.75,524,6.38219473051868,149.408830810719,14.92,465.8,6.19407524028262,130.159858325059,"F","Adult"
"ad","female",5,-104.5154861,30.58822,1968,"Aimophila ruficeps eremoeca","Aimophila_ruficeps",18.5,147,15.5,337,7.27816889225871,109.63831149325,"Spring",3588,15.8,310,7.2360739280897,113.911568520676,16.04,318.2,7.59053742810541,120.984463517335,"F","Adult"
"ad","female",5,-103.8499258,30.3941115,1975,"Aimophila ruficeps eremoeca","Aimophila_ruficeps",19,NA,14.2,397,6.15526382271895,115.139227614304,"Spring",3734,14.6,495,6.2484595205607,134.398284606351,14.86,447.2,6.14375208714095,133.27803696258,"F","Adult"
"ad","male",7,-110.8552745,31.750276,1993,"Aimophila ruficeps scottii","Aimophila_ruficeps",19.7,NA,15.9,762,6.62522155146985,125.007848405671,"Summer",3744,15.55,824.5,6.74258946194841,111.686307550197,15.6,712,6.68413911733194,110.126213199611,"M","Adult"
"ad","male",3,-104.7378833333,32.1118833333,2008,"Aimophila ruficeps","Aimophila_ruficeps",24.1,NA,13.8,412,6.38954520124773,127.933863305639,"Spring",3491,13.7,512,6.60572587980071,109.98559049907,13.82,587,6.65186212350438,112.41253815964,"M","Adult"
"ad","male",3,-104.7393666667,32.1125833333,2008,"Aimophila ruficeps","Aimophila_ruficeps",18.2,NA,13.8,413,6.38966969317498,127.589601256233,"Spring",3613,13.7,512.5,6.60578812576433,109.95674089435,13.82,587.6,6.65074054648534,112.477061105235,"M","Adult"
"ad","male",5,-103.6575929,30.4524996,1978,"Aimophila ruficeps eremoeca","Aimophila_ruficeps",18,NA,16.8,594,7.19968433651466,108.783569427635,"Spring",3737,17.15,486.5,7.24635098014186,98.5823273112894,16.58,451,6.83739932066796,115.97065062992,"M","Adult"
"ad","female",1,-103.33601,29.2824221,1971,"Aimophila ruficeps eremoeca","Aimophila_ruficeps",21,NA,18.1,386,5.50032368193551,134.578089061838,"Winter",3731,17.8,412.5,5.94839466267073,119.681929688365,17.66,377.4,6.37084060758319,112.226262592714,"F","Adult"
"ad","male",5,-103.6932092,30.4569585,1979,"Aimophila ruficeps eremoeca","Aimophila_ruficeps",21,NA,15.7,440,7.08187507270882,114.659526041652,"Spring",3740,16.15,520,7.12132127658013,112.437921136563,16.2,433,6.88716744019253,107.776843642607,"M","Adult"
"ad","male",5,-103.8273376,30.3849235,1968,"Aimophila ruficeps eremoeca","Aimophila_ruficeps",20.1,NA,14.3,582,6.60873503689464,84.8778240899149,"Spring",3729,14.65,498.5,6.49247277886692,103.983881905975,14.92,415.6,6.87959120074473,104.320218370664,"M","Adult"
"ad","male",5,-103.5744933,30.0391157,1981,"Aimophila ruficeps eremoeca","Aimophila_ruficeps",21.1,NA,16.5,525,6.6191812640281,73.5451326385673,"Spring",3742,16.6,445.5,7.13982076593392,103.493163758862,16.46,442.4,7.16176339581729,101.49101572969,"M","Adult"
"ad","male",5,-103.8273376,30.3849235,1968,"Aimophila ruficeps eremoeca","Aimophila_ruficeps",18.5,155,14.3,582,6.60873503689464,84.8778240899149,"Spring",3730,14.65,498.5,6.49247277886692,103.983881905975,14.92,415.6,6.87959120074473,104.320218370664,"M","Adult"
"ad","male",5,-103.712579,30.507234,1975,"Aimophila ruficeps eremoeca","Aimophila_ruficeps",20,NA,15.9,366,6.39642419045535,119.950475557416,"Spring",3733,16.25,463.5,6.50810314900554,139.332155207388,16.52,400.6,6.42599954789125,134.90238890315,"M","Adult"
"ad","male",3,-104.7378833333,32.1118833333,2008,"Aimophila ruficeps","Aimophila_ruficeps",21.3,NA,13.8,412,6.38954520124773,127.933863305639,"Spring",3612,13.7,512,6.60572587980071,109.98559049907,13.82,587,6.65186212350438,112.41253815964,"M","Adult"
"ad","male",5,-103.888092,30.4238088,1967,"Aimophila ruficeps eremoeca","Aimophila_ruficeps",18.4,154,14.9,397,6.45238973817711,117.77988574048,"Spring",3747,14.75,448.5,6.91843694066938,121.19062850665,15.08,377.8,7.04849436620918,103.617295559719,"M","Adult"
"ad","female",5,-103.6932092,30.4569585,1979,"Aimophila ruficeps eremoeca","Aimophila_ruficeps",18.5,NA,15.7,440,7.08187507270882,114.659526041652,"Spring",3739,16.15,520,7.12132127658013,112.437921136563,16.2,433,6.88716744019253,107.776843642607,"F","Adult"
"ad","male",4,-103.8273376,30.3849235,1966,"Aimophila ruficeps scottii","Aimophila_ruficeps",19.2,161,14.6,521,7.31391368101465,125.019983492318,"Spring",3599,15.05,404.5,6.98681203346401,103.777014557566,15.24,368,7.12677012512088,99.4251136601104,"M","Adult"
"ad","male",8,-103.6958385,30.507234,1979,"Aimophila ruficeps eremoeca","Aimophila_ruficeps",17.9,NA,15.7,431,7.17176703638946,114.952622914214,"Summer",3591,16.15,510.5,7.23544503191446,113.107382040074,16.22,423.6,6.98219893437504,107.82744055909,"M","Adult"
"ad","male",5,-94.8999023,31.330179,1976,"Aimophila ruficeps eremoeca","Aimophila_ruficeps",21.5,NA,17.6,1234,6.8511224472986,42.6413873227838,"Spring",3735,18.15,1215.5,6.7731858903482,49.0102031282399,18.44,1313.8,6.87567397171694,47.7929346628974,"M","Adult"
"ad","female",5,-103.8273376,30.3849235,1968,"Aimophila ruficeps eremoeca","Aimophila_ruficeps",23.4,NA,14.3,582,6.60873503689464,84.8778240899149,"Spring",3728,14.65,498.5,6.49247277886692,103.983881905975,14.92,415.6,6.87959120074473,104.320218370664,"F","Adult"
"ad.","female",1,-116.8,31.816667,1927,"Aimophila ruficeps sanctorum","Aimophila_ruficeps",14.7,NA,16,452,2.56318634563003,133.484233464158,"Winter",3550,16.4,435,2.50800701369048,135.679234935967,16.08,350.4,2.57702289272838,131.372809736942,"F","Adult"
"ad.","female",12,-110,23.566667,1928,"Aimophila ruficeps sororia","Aimophila_ruficeps",17.5,NA,16.7,461,3.40884544570845,138.309335975346,"Winter",3572,16.5,518,3.45030532503745,137.875649165619,16.44,548.6,3.52561363547399,128.66964282149,"F","Adult"
"ad.","female",1,-116.8,31.816667,1927,"Aimophila ruficeps sanctorum","Aimophila_ruficeps",16.5,NA,16,452,2.56318634563003,133.484233464158,"Winter",3695,16.4,435,2.50800701369048,135.679234935967,16.08,350.4,2.57702289272838,131.372809736942,"F","Adult"
"ad.","female",10,-119.11036,36.723617,1916,"Aimophila ruficeps ruficeps","Aimophila_ruficeps",18.1,NA,15.9,1010,7.65119816325086,149.165087520743,"Fall",3679,15.9,881,7.33343662666999,131.991405549319,15.62,718.2,7.16087940424326,141.955243382788,"F","Adult"
"ad.","female",11,-110,23.566667,1928,"Aimophila ruficeps sororia","Aimophila_ruficeps",19.6,NA,16.7,461,3.40884544570845,138.309335975346,"Fall",3708,16.5,518,3.45030532503745,137.875649165619,16.44,548.6,3.52561363547399,128.66964282149,"F","Adult"
"ad.","female",9,-120.23726,35.27921,1947,"Aimophila ruficeps ruficeps","Aimophila_ruficeps",18.1,NA,14.9,218,6.65907901539945,99.9383731970119,"Fall",3505,14.6,371.5,6.72495475431827,113.399358636278,14.8,560.4,6.5062017987076,129.394734496102,"F","Adult"
"ad.","female",1,-116.736859,32.39092,1928,"Aimophila ruficeps canescens","Aimophila_ruficeps",15.3,NA,16.8,212,3.95523243771635,107.166852477321,"Winter",3703,16.85,365.5,4.00156375680565,121.30371203712,16.94,360.2,4.09932210003411,129.237561007044,"F","Adult"
"ad.","male",1,-116.8,31.816667,1927,"Aimophila ruficeps sanctorum","Aimophila_ruficeps",16,NA,16,452,2.56318634563003,133.484233464158,"Winter",3549,16.4,435,2.50800701369048,135.679234935967,16.08,350.4,2.57702289272838,131.372809736942,"M","Adult"
"ad.","male",1,-117.111769,32.460771,1928,"Aimophila ruficeps canescens","Aimophila_ruficeps",18,NA,16.4,190,2.95833440034125,113.071816346663,"Winter",3701,16.45,326.5,3.06840062506071,125.769588255044,16.6,314.6,3.17134364187676,126.969125502519,"M","Adult"
"ad.","female",12,-117.111769,32.460771,1927,"Aimophila ruficeps canescens","Aimophila_ruficeps",17,NA,16.5,463,3.17846684978018,138.467360163425,"Winter",3700,16.95,423.5,3.09504917079198,134.113798511006,16.6,329,3.20626927837584,123.475591730351,"F","Adult"
"ad.","female",11,-122.2496308,37.895422,1921,"Aimophila ruficeps ruficeps","Aimophila_ruficeps",17.6,NA,13.8,612,3.51563606900614,136.81594259671,"Fall",3687,13.55,596.5,3.45863668765486,130.980121848178,13.42,532.4,3.61996747456319,137.849435491053,"F","Adult"
"ad.","female",1,-116.8,31.816667,1927,"Aimophila ruficeps sanctorum","Aimophila_ruficeps",16.8,NA,16,452,2.56318634563003,133.484233464158,"Winter",3698,16.4,435,2.50800701369048,135.679234935967,16.08,350.4,2.57702289272838,131.372809736942,"F","Adult"
"ad.","female",1,-116.8,31.816667,1927,"Aimophila ruficeps sanctorum","Aimophila_ruficeps",17.1,NA,16,452,2.56318634563003,133.484233464158,"Winter",3553,16.4,435,2.50800701369048,135.679234935967,16.08,350.4,2.57702289272838,131.372809736942,"F","Adult"
"ad.","male",1,-116.736859,32.39092,1928,"Aimophila ruficeps canescens","Aimophila_ruficeps",15.5,NA,16.8,212,3.95523243771635,107.166852477321,"Winter",3560,16.85,365.5,4.00156375680565,121.30371203712,16.94,360.2,4.09932210003411,129.237561007044,"M","Adult"
"ad.","male",1,-116.8,31.816667,1927,"Aimophila ruficeps sanctorum","Aimophila_ruficeps",16.8,NA,16,452,2.56318634563003,133.484233464158,"Winter",3696,16.4,435,2.50800701369048,135.679234935967,16.08,350.4,2.57702289272838,131.372809736942,"M","Adult"
"ad.","female",1,-116.736859,32.39092,1928,"Aimophila ruficeps canescens","Aimophila_ruficeps",16,NA,16.8,212,3.95523243771635,107.166852477321,"Winter",3705,16.85,365.5,4.00156375680565,121.30371203712,16.94,360.2,4.09932210003411,129.237561007044,"F","Adult"
"ad.","female",9,-120.23726,35.27921,1947,"Aimophila ruficeps ruficeps","Aimophila_ruficeps",15.7,NA,14.9,218,6.65907901539945,99.9383731970119,"Fall",3503,14.6,371.5,6.72495475431827,113.399358636278,14.8,560.4,6.5062017987076,129.394734496102,"F","Adult"
"ad.","female",10,-119.4641,36.7166,1916,"Aimophila ruficeps ruficeps","Aimophila_ruficeps",18.6,NA,17.1,414,7.34171869069725,145.650371320593,"Fall",3545,17.25,381,7.14834918804559,133.199115051419,17.16,307.8,7.06892921111856,139.488999343225,"F","Adult"
"ad.","female",10,-119.4641,36.7166,1916,"Aimophila ruficeps ruficeps","Aimophila_ruficeps",18.3,NA,17.1,414,7.34171869069725,145.650371320593,"Fall",3682,17.25,381,7.14834918804559,133.199115051419,17.16,307.8,7.06892921111856,139.488999343225,"F","Adult"
"ad.","male",1,-116.736859,32.39092,1928,"Aimophila ruficeps canescens","Aimophila_ruficeps",16.2,NA,16.8,212,3.95523243771635,107.166852477321,"Winter",3561,16.85,365.5,4.00156375680565,121.30371203712,16.94,360.2,4.09932210003411,129.237561007044,"M","Adult"
"ad.","female",11,-115.7230556,31.4,1926,"Aimophila ruficeps canescens","Aimophila_ruficeps",15.1,NA,16.2,268,4.77762303014604,130.711659266751,"Fall",3761,15.95,254.5,4.7281328359745,123.563532134892,15.58,246,4.9670964603943,109.015984137314,"F","Adult"
"ad.","female",1,-116.736859,32.39092,1928,"Aimophila ruficeps canescens","Aimophila_ruficeps",15.9,NA,16.8,212,3.95523243771635,107.166852477321,"Winter",3704,16.85,365.5,4.00156375680565,121.30371203712,16.94,360.2,4.09932210003411,129.237561007044,"F","Adult"
"ad.","female",12,-110,23.566667,1928,"Aimophila ruficeps sororia","Aimophila_ruficeps",18.4,NA,16.7,461,3.40884544570845,138.309335975346,"Winter",3711,16.5,518,3.45030532503745,137.875649165619,16.44,548.6,3.52561363547399,128.66964282149,"F","Adult"
"ad.","male",6,-106.770421,29.485097,1959,"Aimophila ruficeps eremoeca","Aimophila_ruficeps",19.5,NA,12.5,463,6.20212573529138,151.806493038029,"Summer",3654,12.3,551.5,6.56567837388308,126.668554008134,12.3,484.2,6.35139621654642,139.780285664922,"M","Adult"
"ad.","male",1,-116.8,31.816667,1927,"Aimophila ruficeps sanctorum","Aimophila_ruficeps",18.3,NA,16,452,2.56318634563003,133.484233464158,"Winter",3697,16.4,435,2.50800701369048,135.679234935967,16.08,350.4,2.57702289272838,131.372809736942,"M","Adult"
"ad.","female",1,-116.8,31.816667,1927,"Aimophila ruficeps sanctorum","Aimophila_ruficeps",16.6,NA,16,452,2.56318634563003,133.484233464158,"Winter",3556,16.4,435,2.50800701369048,135.679234935967,16.08,350.4,2.57702289272838,131.372809736942,"F","Adult"
"ad.","female",1,-116.8,31.816667,1927,"Aimophila ruficeps sanctorum","Aimophila_ruficeps",14.7,NA,16,452,2.56318634563003,133.484233464158,"Winter",3554,16.4,435,2.50800701369048,135.679234935967,16.08,350.4,2.57702289272838,131.372809736942,"F","Adult"
"ad.","male",6,-106.770421,29.485097,1959,"Aimophila ruficeps eremoeca","Aimophila_ruficeps",19.7,NA,12.5,463,6.20212573529138,151.806493038029,"Summer",3652,12.3,551.5,6.56567837388308,126.668554008134,12.3,484.2,6.35139621654642,139.780285664922,"M","Adult"
"ad.","male",10,-119.4641,36.7166,1916,"Aimophila ruficeps ruficeps","Aimophila_ruficeps",19.4,NA,17.1,414,7.34171869069725,145.650371320593,"Fall",3685,17.25,381,7.14834918804559,133.199115051419,17.16,307.8,7.06892921111856,139.488999343225,"M","Adult"
"ad.","female",11,-115.2916667,30.794167,1925,"Aimophila ruficeps canescens","Aimophila_ruficeps",16.7,NA,12.9,390,4.39120160265405,108.107851689582,"Fall",3759,12.85,292.5,4.70331616867563,107.543253029255,12.64,399.4,4.83145936699603,107.498085955121,"F","Adult"
"ad.","male",11,-110,23.566667,1928,"Aimophila ruficeps sororia","Aimophila_ruficeps",20.8,NA,16.7,461,3.40884544570845,138.309335975346,"Fall",3565,16.5,518,3.45030532503745,137.875649165619,16.44,548.6,3.52561363547399,128.66964282149,"M","Adult"
"ad.","male",3,-122.2372429,37.8743444,1959,"Aimophila ruficeps ruficeps","Aimophila_ruficeps",17.9,NA,14.5,413,3.51932973990529,147.392329758774,"Spring",3515,14.5,647.5,3.66056178743899,138.922680470295,13.78,607.6,3.73283191554461,139.367433889348,"M","Adult"
"ad.","female",11,-115.7230556,31.4,1926,"Aimophila ruficeps canescens","Aimophila_ruficeps",16.9,NA,16.2,268,4.77762303014604,130.711659266751,"Fall",3762,15.95,254.5,4.7281328359745,123.563532134892,15.58,246,4.9670964603943,109.015984137314,"F","Adult"
"ad.","male",10,-116.3275,30.973333,1925,"Aimophila ruficeps canescens","Aimophila_ruficeps",17,NA,16.7,231,3.20041427242654,123.081977000581,"Fall",3784,16.6,227,3.32583284618316,132.931603860328,16.5,238.4,3.47083809302798,123.83551737294,"M","Adult"
"ad.","male",1,-116.8,31.816667,1927,"Aimophila ruficeps sanctorum","Aimophila_ruficeps",17.9,NA,16,452,2.56318634563003,133.484233464158,"Winter",3551,16.4,435,2.50800701369048,135.679234935967,16.08,350.4,2.57702289272838,131.372809736942,"M","Adult"
"ad.","male",1,-116.8,31.816667,1927,"Aimophila ruficeps sanctorum","Aimophila_ruficeps",18,NA,16,452,2.56318634563003,133.484233464158,"Winter",3699,16.4,435,2.50800701369048,135.679234935967,16.08,350.4,2.57702289272838,131.372809736942,"M","Adult"
"ad.","male",1,-116.3833333,31.916667,1927,"Aimophila ruficeps canescens","Aimophila_ruficeps",16.5,NA,14.6,497,4.44815249357085,121.762320320808,"Winter",3764,14.95,474,4.41373427321953,129.555181537641,14.62,386.4,4.4767473392189,123.173744980602,"M","Adult"
"ad.","male",12,-117.111769,32.460771,1927,"Aimophila ruficeps canescens","Aimophila_ruficeps",17.1,NA,16.5,463,3.17846684978018,138.467360163425,"Winter",3559,16.95,423.5,3.09504917079198,134.113798511006,16.6,329,3.20626927837584,123.475591730351,"M","Adult"
"ad.","female",1,-116.8,31.816667,1927,"Aimophila ruficeps sanctorum","Aimophila_ruficeps",14,NA,16,452,2.56318634563003,133.484233464158,"Winter",3693,16.4,435,2.50800701369048,135.679234935967,16.08,350.4,2.57702289272838,131.372809736942,"F","Adult"
"ad.","female ?",12,-119.78997,37.67852,1914,"Aimophila ruficeps ruficeps","Aimophila_ruficeps",16.5,NA,12.6,952,6.62343749441514,181.211021847503,"Winter",3542,12.3,831.5,6.93119468449546,141.712532435803,12.26,781,6.81829558173254,137.481912293996,"NS","Adult"
"ad.","male",1,-116.8,31.816667,1927,"Aimophila ruficeps sanctorum","Aimophila_ruficeps",17,NA,16,452,2.56318634563003,133.484233464158,"Winter",3692,16.4,435,2.50800701369048,135.679234935967,16.08,350.4,2.57702289272838,131.372809736942,"M","Adult"
"ad.","male",5,-118.468881,34.323071,1929,"Aimophila ruficeps canescens","Aimophila_ruficeps",17,NA,17.5,212,5.64454013479693,132.779667621649,"Spring",3706,17.4,246,4.9617395215984,123.958298732359,17.26,345.4,4.71491296483396,124.987770709396,"M","Adult"
"ad.","male",9,-120.17411,35.285637,1947,"Aimophila ruficeps ruficeps","Aimophila_ruficeps",17.5,NA,15.1,136,6.31637482335326,101.144960479023,"Fall",3630,14.8,231,6.3681033928295,112.352029477198,15,345.8,6.13736815688536,128.071864860981,"M","Adult"
"ad.","female",1,-116.8,31.816667,1927,"Aimophila ruficeps sanctorum","Aimophila_ruficeps",14.8,NA,16,452,2.56318634563003,133.484233464158,"Winter",3694,16.4,435,2.50800701369048,135.679234935967,16.08,350.4,2.57702289272838,131.372809736942,"F","Adult"
"ad.","female",12,-110,23.566667,1928,"Aimophila ruficeps sororia","Aimophila_ruficeps",20,NA,16.7,461,3.40884544570845,138.309335975346,"Winter",3709,16.5,518,3.45030532503745,137.875649165619,16.44,548.6,3.52561363547399,128.66964282149,"F","Adult"
"ad.","female",1,-116.8,31.816667,1927,"Aimophila ruficeps sanctorum","Aimophila_ruficeps",16.2,NA,16,452,2.56318634563003,133.484233464158,"Winter",3690,16.4,435,2.50800701369048,135.679234935967,16.08,350.4,2.57702289272838,131.372809736942,"F","Adult"
"ad.","female",12,-110,23.566667,1928,"Aimophila ruficeps sororia","Aimophila_ruficeps",18.9,NA,16.7,461,3.40884544570845,138.309335975346,"Winter",3712,16.5,518,3.45030532503745,137.875649165619,16.44,548.6,3.52561363547399,128.66964282149,"F","Adult"
"ad.","male",1,-116.5844444,32.567222,1927,"Aimophila ruficeps canescens","Aimophila_ruficeps",17.2,NA,15.6,533,5.07873612290111,136.085882643513,"Winter",3765,15.85,486,5.01704108999238,139.671071676773,15.38,393.8,5.13312914707586,125.561397665818,"M","Adult"
"ad.","male",12,-115.7230556,31.4,1926,"Aimophila ruficeps canescens","Aimophila_ruficeps",18.1,NA,16.2,268,4.77762303014604,130.711659266751,"Winter",3763,15.95,254.5,4.7281328359745,123.563532134892,15.58,246,4.9670964603943,109.015984137314,"M","Adult"
"ad.","male",1,-116.8,31.816667,1927,"Aimophila ruficeps sanctorum","Aimophila_ruficeps",17.9,NA,16,452,2.56318634563003,133.484233464158,"Winter",3557,16.4,435,2.50800701369048,135.679234935967,16.08,350.4,2.57702289272838,131.372809736942,"M","Adult"
"ad.","male",10,-119.11036,36.723617,1916,"Aimophila ruficeps ruficeps","Aimophila_ruficeps",18.9,NA,15.9,1010,7.65119816325086,149.165087520743,"Fall",3680,15.9,881,7.33343662666999,131.991405549319,15.62,718.2,7.16087940424326,141.955243382788,"M","Adult"
"ad.","male",9,-120.17411,35.285637,1947,"Aimophila ruficeps ruficeps","Aimophila_ruficeps",17.5,NA,15.1,136,6.31637482335326,101.144960479023,"Fall",3499,14.8,231,6.3681033928295,112.352029477198,15,345.8,6.13736815688536,128.071864860981,"M","Adult"
"ad.","female",1,-116.8,31.816667,1927,"Aimophila ruficeps sanctorum","Aimophila_ruficeps",15.2,NA,16,452,2.56318634563003,133.484233464158,"Winter",3558,16.4,435,2.50800701369048,135.679234935967,16.08,350.4,2.57702289272838,131.372809736942,"F","Adult"
"ad.","male",12,-110,23.566667,1928,"Aimophila ruficeps sororia","Aimophila_ruficeps",20,NA,16.7,461,3.40884544570845,138.309335975346,"Winter",3713,16.5,518,3.45030532503745,137.875649165619,16.44,548.6,3.52561363547399,128.66964282149,"M","Adult"
"ad.","female",6,-106.770421,29.485097,1959,"Aimophila ruficeps eremoeca","Aimophila_ruficeps",19.9,NA,12.5,463,6.20212573529138,151.806493038029,"Summer",3651,12.3,551.5,6.56567837388308,126.668554008134,12.3,484.2,6.35139621654642,139.780285664922,"F","Adult"
"ad.","male",12,-110,23.566667,1928,"Aimophila ruficeps sororia","Aimophila_ruficeps",20,NA,16.7,461,3.40884544570845,138.309335975346,"Winter",3714,16.5,518,3.45030532503745,137.875649165619,16.44,548.6,3.52561363547399,128.66964282149,"M","Adult"
"ad.","female",12,-110,23.566667,1928,"Aimophila ruficeps sororia","Aimophila_ruficeps",20.7,NA,16.7,461,3.40884544570845,138.309335975346,"Winter",3567,16.5,518,3.45030532503745,137.875649165619,16.44,548.6,3.52561363547399,128.66964282149,"F","Adult"
"ad.","male",3,-121.879525,37.9580673,1946,"Aimophila ruficeps ruficeps","Aimophila_ruficeps",19,NA,13.7,316,5.03643542777844,117.13595685953,"Spring",3726,14.15,447,5.33088858411958,115.778530597569,14.38,522.8,4.97369493168653,114.093220251066,"M","Adult"
"ad.","male",1,-116.8,31.816667,1927,"Aimophila ruficeps sanctorum","Aimophila_ruficeps",17.1,NA,16,452,2.56318634563003,133.484233464158,"Winter",3552,16.4,435,2.50800701369048,135.679234935967,16.08,350.4,2.57702289272838,131.372809736942,"M","Adult"
"ad.","female",12,-110,23.566667,1928,"Aimophila ruficeps sororia","Aimophila_ruficeps",20,NA,16.7,461,3.40884544570845,138.309335975346,"Winter",3710,16.5,518,3.45030532503745,137.875649165619,16.44,548.6,3.52561363547399,128.66964282149,"F","Adult"
"ad.","male",6,-106.770421,29.485097,1959,"Aimophila ruficeps eremoeca","Aimophila_ruficeps",20.1,NA,12.5,463,6.20212573529138,151.806493038029,"Summer",3656,12.3,551.5,6.56567837388308,126.668554008134,12.3,484.2,6.35139621654642,139.780285664922,"M","Adult"
"ad.","male",6,-115.4436111,31.05,1926,"Aimophila ruficeps canescens","Aimophila_ruficeps",18.3,NA,10.8,587,4.5745259731242,129.82135315136,"Summer",3787,10.6,563,4.47476190431075,123.116992298726,10.24,569.2,4.77937888744702,117.187729162656,"M","Adult"
"ad.","male",9,-120.17411,35.285637,1947,"Aimophila ruficeps ruficeps","Aimophila_ruficeps",19.3,NA,15.1,136,6.31637482335326,101.144960479023,"Fall",3626,14.8,231,6.3681033928295,112.352029477198,15,345.8,6.13736815688536,128.071864860981,"M","Adult"
"ad.","male",6,-106.770421,29.485097,1959,"Aimophila ruficeps eremoeca","Aimophila_ruficeps",18.9,NA,12.5,463,6.20212573529138,151.806493038029,"Summer",3655,12.3,551.5,6.56567837388308,126.668554008134,12.3,484.2,6.35139621654642,139.780285664922,"M","Adult"
"ad.","male",1,-116.8,31.816667,1927,"Aimophila ruficeps sanctorum","Aimophila_ruficeps",16.6,NA,16,452,2.56318634563003,133.484233464158,"Winter",3555,16.4,435,2.50800701369048,135.679234935967,16.08,350.4,2.57702289272838,131.372809736942,"M","Adult"
"ad.","male",12,-110,23.566667,1928,"Aimophila ruficeps sororia","Aimophila_ruficeps",22.2,NA,16.7,461,3.40884544570845,138.309335975346,"Winter",3571,16.5,518,3.45030532503745,137.875649165619,16.44,548.6,3.52561363547399,128.66964282149,"M","Adult"
"ad.","male",11,-122.2496308,37.895422,1921,"Aimophila ruficeps ruficeps","Aimophila_ruficeps",18.4,NA,13.8,612,3.51563606900614,136.81594259671,"Fall",3688,13.55,596.5,3.45863668765486,130.980121848178,13.42,532.4,3.61996747456319,137.849435491053,"M","Adult"
"ad.","male",1,-116.736859,32.39092,1928,"Aimophila ruficeps canescens","Aimophila_ruficeps",16,NA,16.8,212,3.95523243771635,107.166852477321,"Winter",3562,16.85,365.5,4.00156375680565,121.30371203712,16.94,360.2,4.09932210003411,129.237561007044,"M","Adult"
"ad.","male",1,-116.8,31.816667,1927,"Aimophila ruficeps sanctorum","Aimophila_ruficeps",17.9,NA,16,452,2.56318634563003,133.484233464158,"Winter",3691,16.4,435,2.50800701369048,135.679234935967,16.08,350.4,2.57702289272838,131.372809736942,"M","Adult"
"ad.","male",9,-120.17411,35.285637,1947,"Aimophila ruficeps ruficeps","Aimophila_ruficeps",18.9,NA,15.1,136,6.31637482335326,101.144960479023,"Fall",3625,14.8,231,6.3681033928295,112.352029477198,15,345.8,6.13736815688536,128.071864860981,"M","Adult"
"ad.","male",1,-116.736859,32.39092,1928,"Aimophila ruficeps canescens","Aimophila_ruficeps",16.6,NA,16.8,212,3.95523243771635,107.166852477321,"Winter",3702,16.85,365.5,4.00156375680565,121.30371203712,16.94,360.2,4.09932210003411,129.237561007044,"M","Adult"
"ad.","male",1,-116.5844444,32.567222,1927,"Aimophila ruficeps canescens","Aimophila_ruficeps",19.3,NA,15.6,533,5.07873612290111,136.085882643513,"Winter",3766,15.85,486,5.01704108999238,139.671071676773,15.38,393.8,5.13312914707586,125.561397665818,"M","Adult"
"Ad.","male",1,-116.7874,31.80173,1927,"Aimophila ruficeps canescens","Aimophila_ruficeps",16.1,NA,16,451,2.56318634563003,133.359997333867,"Winter",3751,16.4,435.5,2.50800701369048,135.757196553604,16.08,350.6,2.57702289272838,131.361355077677,"M","Adult"
"ad.sk.","male",7,-103.23833,20.791412636,1963,"Aimophila ruficeps simulans","Aimophila_ruficeps",23.3,NA,19.1,983,2.63594040489951,103.555851104588,"Summer",3662,19.15,929.5,2.66079625901174,111.314344274551,19.06,898.6,2.64999940545991,125.895529699117,"M","Adult"
"ad.sk.","female",7,-108.4167461155,30.0146438844,1948,"Aimophila ruficeps scottii","Aimophila_ruficeps",23.8,NA,13.1,351,6.92931300980687,121.571115249925,"Summer",3507,12.95,348,6.94989322570161,111.468469128486,13,364.2,6.80940241084761,122.459866178837,"F","Adult"
"ad.sk.","male",8,-96.5616666666,16.25,1964,"Aimophila ruficeps australis","Aimophila_ruficeps",20.4,NA,17.8,809,1.36811637817929,123.737891367363,"Summer",3532,17.85,703,1.38416640583297,127.773024614959,17.86,950.4,1.17121437237323,136.703200568582,"M","Adult"
"ad.sk.","male",6,-110.6958,32.3356,1964,"Aimophila ruficeps scottii","Aimophila_ruficeps",20,NA,15.5,572,7.6994096585978,98.1131791585934,"Summer",3529,16.15,523.5,7.45727263247952,92.7162223644301,16.26,475,7.42696676081047,96.3400359178453,"M","Adult"
"ad.sk.","male",8,-96.4302777777,16.8172222222,1964,"Aimophila ruficeps australis","Aimophila_ruficeps",20,NA,16.2,642,1.51347482985548,108.075241857862,"Summer",3668,16.25,589,1.52380335180354,112.372354304992,16.32,719,1.2766863728097,115.457961365808,"M","Adult"
"ad.sk.","male",8,-108.4167461155,30.0146438844,1948,"Aimophila ruficeps scottii","Aimophila_ruficeps",18.5,NA,13.1,351,6.92931300980687,121.571115249925,"Summer",3636,12.95,348,6.94989322570161,111.468469128486,13,364.2,6.80940241084761,122.459866178837,"M","Adult"
"ad.sk.","male",8,-108.4167461155,30.0146438844,1948,"Aimophila ruficeps scottii","Aimophila_ruficeps",20.1,NA,13.1,351,6.92931300980687,121.571115249925,"Summer",3638,12.95,348,6.94989322570161,111.468469128486,13,364.2,6.80940241084761,122.459866178837,"M","Adult"
"ad.sk.","male",7,-108.2835067,32.7866027,1963,"Aimophila ruficeps scottii","Aimophila_ruficeps",18.5,NA,12.4,395,7.55506552926678,102.908695044779,"Summer",3756,12.35,421.5,7.35518594412512,102.43255155955,12.18,414.2,7.44663009795535,102.304243396164,"M","Adult"
"ad.sk.","male",7,-108.4167461155,30.0146438844,1948,"Aimophila ruficeps scottii","Aimophila_ruficeps",18.2,NA,13.1,351,6.92931300980687,121.571115249925,"Summer",3635,12.95,348,6.94989322570161,111.468469128486,13,364.2,6.80940241084761,122.459866178837,"M","Adult"
"ad.sk.","male",8,-96.5616666666,16.25,1964,"Aimophila ruficeps australis","Aimophila_ruficeps",20.3,NA,17.8,809,1.36811637817929,123.737891367363,"Summer",3530,17.85,703,1.38416640583297,127.773024614959,17.86,950.4,1.17121437237323,136.703200568582,"M","Adult"
"ad.sk.","male",8,-108.4167461155,30.0146438844,1948,"Aimophila ruficeps scottii","Aimophila_ruficeps",20.4,NA,13.1,351,6.92931300980687,121.571115249925,"Summer",3637,12.95,348,6.94989322570161,111.468469128486,13,364.2,6.80940241084761,122.459866178837,"M","Adult"
"ad.sk.","male",8,-96.5005555555,16.75,1964,"Aimophila ruficeps australis","Aimophila_ruficeps",19.2,NA,18.7,478,1.76710257629587,111.174812999583,"Summer",3671,18.75,433.5,1.81176030000732,115.640912096107,18.82,521.6,1.61047250414215,118.870592471109,"M","Adult"
"ad.sk.","female",12,-110.6958,32.3356,1963,"Aimophila ruficeps scottii","Aimophila_ruficeps",19.5,NA,16.8,475,7.21513560636124,87.3192655702667,"Winter",3524,16.75,463,7.20695748208538,96.8062757324134,16.5,470.8,7.30565004533134,103.59347538124,"F","Adult"
"ad.sk.","male",7,-108.8051285,31.9470049,1963,"Aimophila ruficeps scottii","Aimophila_ruficeps",19.6,NA,16.1,259,7.76640004744603,132.180506117789,"Summer",3779,16.2,255.5,7.66722745971811,116.832019488938,15.86,249.8,7.89003128076113,114.294227750893,"M","Adult"
"ad.sk.","male",8,-96.5005555555,16.75,1964,"Aimophila ruficeps australis","Aimophila_ruficeps",18.8,NA,18.7,478,1.76710257629587,111.174812999583,"Summer",3673,18.75,433.5,1.81176030000732,115.640912096107,18.82,521.6,1.61047250414215,118.870592471109,"M","Adult"
"adult","female",7,-103.513056,37.769722,1995,"Aimophila ruficeps","Aimophila_ruficeps",18.7,147,12.7,396,8.59173316554226,107.386439551817,"Summer",3602,13.05,393,8.95645244788086,93.8730200849928,12.3,379.6,9.26935472487391,80.6497486044626,"F","Adult"
"adult","female",7,-103.513056,37.769722,1995,"Aimophila ruficeps","Aimophila_ruficeps",18.7,147,12.7,396,8.59173316554226,107.386439551817,"Summer",3603,13.05,393,8.95645244788086,93.8730200849928,12.3,379.6,9.26935472487391,80.6497486044626,"F","Adult"
"adult skull","male",4,-121.3068958,39.2584115,2000,"Aimophila ruficeps ruficeps","Aimophila_ruficeps",18,NA,16,1015,6.35807765878583,135.030571124192,"Spring",3677,15.85,841,6.42539751212803,127.815605993598,16.04,1006,6.53044788630921,123.97704385065,"M","Adult"
"imm","female",7,-110.9748125,31.7080135,1993,"Aimophila ruficeps scottii","Aimophila_ruficeps",18,NA,18.6,501,6.91090486554446,137.704295967762,"Summer",3745,18.25,549,7.03258942915762,122.768318571147,18.3,475.2,6.97581641730605,117.655316193484,"F","Juvenile"
"imm","female",11,-102.9341697,29.3431272,1987,"Aimophila ruficeps eremoeca","Aimophila_ruficeps",21,NA,18.2,405,7.04510898468296,73.1702434344378,"Fall",3595,18.95,435.5,6.93257482019344,83.1672940547157,19.22,389.8,7.17210419808779,84.3658087209085,"F","Juvenile"
"imm","male",7,-110.9748125,31.7080135,1993,"Aimophila ruficeps scottii","Aimophila_ruficeps",18.7,NA,18.6,501,6.91090486554446,137.704295967762,"Summer",3746,18.25,549,7.03258942915762,122.768318571147,18.3,475.2,6.97581641730605,117.655316193484,"M","Juvenile"
"imm","male",7,-110.9748125,31.7080135,1993,"Aimophila ruficeps scottii","Aimophila_ruficeps",18,NA,18.6,501,6.91090486554446,137.704295967762,"Summer",3598,18.25,549,7.03258942915762,122.768318571147,18.3,475.2,6.97581641730605,117.655316193484,"M","Juvenile"
"imm.","male",6,-115.4436111,31.05,1926,"Aimophila ruficeps canescens","Aimophila_ruficeps",15.5,NA,10.8,587,4.5745259731242,129.82135315136,"Summer",3788,10.6,563,4.47476190431075,123.116992298726,10.24,569.2,4.77937888744702,117.187729162656,"M","Juvenile"
"imm.","female",9,-120.23726,35.27921,1947,"Aimophila ruficeps ruficeps","Aimophila_ruficeps",17.6,NA,14.9,218,6.65907901539945,99.9383731970119,"Fall",3631,14.6,371.5,6.72495475431827,113.399358636278,14.8,560.4,6.5062017987076,129.394734496102,"F","Juvenile"
"imm.","male",10,-119.4641,36.7166,1916,"Aimophila ruficeps ruficeps","Aimophila_ruficeps",19,NA,17.1,414,7.34171869069725,145.650371320593,"Fall",3683,17.25,381,7.14834918804559,133.199115051419,17.16,307.8,7.06892921111856,139.488999343225,"M","Juvenile"
"imm.","female",11,-110,23.566667,1928,"Aimophila ruficeps sororia","Aimophila_ruficeps",20,NA,16.7,461,3.40884544570845,138.309335975346,"Fall",3566,16.5,518,3.45030532503745,137.875649165619,16.44,548.6,3.52561363547399,128.66964282149,"F","Juvenile"
"imm.","female",9,-120.17411,35.285637,1947,"Aimophila ruficeps ruficeps","Aimophila_ruficeps",17.6,NA,15.1,136,6.31637482335326,101.144960479023,"Fall",3627,14.8,231,6.3681033928295,112.352029477198,15,345.8,6.13736815688536,128.071864860981,"F","Juvenile"
"imm.","male ?",10,-115.682,30.9845,1925,"Aimophila ruficeps canescens","Aimophila_ruficeps",18,NA,14.4,347,4.3397737687161,110.932259762074,"Fall",3783,14.3,287.5,4.56457798229645,115.459390137732,14.12,351.6,4.70953750105485,104.029150581792,"NS","Juvenile"
"imm.","female",12,-110,23.566667,1928,"Aimophila ruficeps sororia","Aimophila_ruficeps",18.7,NA,16.7,461,3.40884544570845,138.309335975346,"Winter",3570,16.5,518,3.45030532503745,137.875649165619,16.44,548.6,3.52561363547399,128.66964282149,"F","Juvenile"
"imm.","female",10,-119.4641,36.7166,1916,"Aimophila ruficeps ruficeps","Aimophila_ruficeps",16.6,NA,17.1,414,7.34171869069725,145.650371320593,"Fall",3684,17.25,381,7.14834918804559,133.199115051419,17.16,307.8,7.06892921111856,139.488999343225,"F","Juvenile"
"imm.","female",9,-120.84938,35.366994,1918,"Aimophila ruficeps ruficeps","Aimophila_ruficeps",18.3,NA,12.4,469,2.33958038195664,149.267532058884,"Fall",3686,12.3,336.5,2.54425289591896,175.208180301811,12.08,453.2,2.05095194179042,165.881736881995,"F","Juvenile"
"imm.","female",10,-119.11036,36.723617,1916,"Aimophila ruficeps ruficeps","Aimophila_ruficeps",18,NA,15.9,1010,7.65119816325086,149.165087520743,"Fall",3681,15.9,881,7.33343662666999,131.991405549319,15.62,718.2,7.16087940424326,141.955243382788,"F","Juvenile"
"imm.","female",9,-120.17411,35.285637,1947,"Aimophila ruficeps ruficeps","Aimophila_ruficeps",17.4,NA,15.1,136,6.31637482335326,101.144960479023,"Fall",3502,14.8,231,6.3681033928295,112.352029477198,15,345.8,6.13736815688536,128.071864860981,"F","Juvenile"
"imm.","female",8,-106.8987177777,29.3920969444,1961,"Aimophila ruficeps eremoeca","Aimophila_ruficeps",18.1,NA,13.9,408,6.2050504844966,116.088641244644,"Summer",3661,13.95,387,6.47391781487877,132.431513810107,14.18,434.8,6.38782425783173,136.738728117656,"F","Juvenile"
"imm.","female",10,-119.11036,36.723617,1916,"Aimophila ruficeps ruficeps","Aimophila_ruficeps",18,NA,15.9,1010,7.65119816325086,149.165087520743,"Fall",3544,15.9,881,7.33343662666999,131.991405549319,15.62,718.2,7.16087940424326,141.955243382788,"F","Juvenile"
"imm.","female",9,-120.17411,35.285637,1947,"Aimophila ruficeps ruficeps","Aimophila_ruficeps",16.6,NA,15.1,136,6.31637482335326,101.144960479023,"Fall",3501,14.8,231,6.3681033928295,112.352029477198,15,345.8,6.13736815688536,128.071864860981,"F","Juvenile"
"imm.","female",12,-110,23.566667,1928,"Aimophila ruficeps sororia","Aimophila_ruficeps",20,NA,16.7,461,3.40884544570845,138.309335975346,"Winter",3568,16.5,518,3.45030532503745,137.875649165619,16.44,548.6,3.52561363547399,128.66964282149,"F","Juvenile"
"imm.","undetermined",9,-120.17411,35.285637,1947,"Aimophila ruficeps ruficeps","Aimophila_ruficeps",19.4,NA,15.1,136,6.31637482335326,101.144960479023,"Fall",3628,14.8,231,6.3681033928295,112.352029477198,15,345.8,6.13736815688536,128.071864860981,"NS","Juvenile"
"imm.","female",9,-120.17411,35.285637,1947,"Aimophila ruficeps ruficeps","Aimophila_ruficeps",18.3,NA,15.1,136,6.31637482335326,101.144960479023,"Fall",3500,14.8,231,6.3681033928295,112.352029477198,15,345.8,6.13736815688536,128.071864860981,"F","Juvenile"
"imm.","male",9,-120.17411,35.285637,1947,"Aimophila ruficeps ruficeps","Aimophila_ruficeps",19.7,NA,15.1,136,6.31637482335326,101.144960479023,"Fall",3629,14.8,231,6.3681033928295,112.352029477198,15,345.8,6.13736815688536,128.071864860981,"M","Juvenile"
"imm.","male",12,-121.224414,37.294612,1943,"Aimophila ruficeps ruficeps","Aimophila_ruficeps",18,NA,15.7,267,5.26862497155653,127.928504323699,"Winter",3720,15.65,282.5,5.46815490884767,110.466223148304,16.04,344.2,5.46741748283816,111.738480544393,"M","Juvenile"
"imm.","female",12,-110.036049,23.537556,1928,"Aimophila ruficeps sororia","Aimophila_ruficeps",20,NA,17.6,439,3.51835016432246,141.547739595244,"Winter",3573,17.35,492,3.55669020200323,141.161331161918,17.3,518.6,3.63865888374567,131.622686214629,"F","Juvenile"
"immature","undetermined",11,-100.1614851152,25.3700045399,1984,"Aimophila ruficeps","Aimophila_ruficeps",23.2,159,20.6,676,4.92227466511042,101.820798648801,"Fall",3604,20.55,809.5,5.052158396058,105.83176396614,20.68,696.2,5.19443796782687,97.3457252199603,"NS","Juvenile"
"imm.sk.","male",8,-96.5616666666,16.25,1964,"Aimophila ruficeps australis","Aimophila_ruficeps",20,NA,17.8,809,1.36811637817929,123.737891367363,"Summer",3533,17.85,703,1.38416640583297,127.773024614959,17.86,950.4,1.17121437237323,136.703200568582,"M","Juvenile"
"imm.sk.","male",8,-96.5005555555,16.75,1964,"Aimophila ruficeps australis","Aimophila_ruficeps",17.7,NA,18.7,478,1.76710257629587,111.174812999583,"Summer",3672,18.75,433.5,1.81176030000732,115.640912096107,18.82,521.6,1.61047250414215,118.870592471109,"M","Juvenile"
"imm.sk.","male",12,-110.6958,32.3065,1963,"Aimophila ruficeps scottii","Aimophila_ruficeps",19.1,NA,18.5,376,7.35994482851522,88.335559772919,"Winter",3523,18.45,369.5,7.36069615731783,97.4166035518665,18.16,379.2,7.46869289934968,104.075289348222,"M","Juvenile"
"imm.sk.","female",8,-106.8987177777,29.3920969444,1961,"Aimophila ruficeps eremoeca","Aimophila_ruficeps",18.4,NA,13.9,408,6.2050504844966,116.088641244644,"Summer",3522,13.95,387,6.47391781487877,132.431513810107,14.18,434.8,6.38782425783173,136.738728117656,"F","Juvenile"
"imm.sk.","male",8,-96.4897222222,16.7602777777,1964,"Aimophila ruficeps australis","Aimophila_ruficeps",19.8,NA,18.7,473,1.80755988207106,110.791874273825,"Summer",3535,18.75,430,1.84600289284104,115.514064370461,18.84,516.6,1.64735864031436,118.430373824806,"M","Juvenile"
"imm.sk.","male",12,-110.6958,32.3065,1963,"Aimophila ruficeps scottii","Aimophila_ruficeps",20,NA,18.5,376,7.35994482851522,88.335559772919,"Winter",3664,18.45,369.5,7.36069615731783,97.4166035518665,18.16,379.2,7.46869289934968,104.075289348222,"M","Juvenile"
"imm.sk.","male",8,-96.4302777777,16.8172222222,1964,"Aimophila ruficeps australis","Aimophila_ruficeps",18,NA,16.2,642,1.51347482985548,108.075241857862,"Summer",3534,16.25,589,1.52380335180354,112.372354304992,16.32,719,1.2766863728097,115.457961365808,"M","Juvenile"
"imm.sk.","female",8,-96.4302777777,16.8172222222,1964,"Aimophila ruficeps australis","Aimophila_ruficeps",19,NA,16.2,642,1.51347482985548,108.075241857862,"Summer",3669,16.25,589,1.52380335180354,112.372354304992,16.32,719,1.2766863728097,115.457961365808,"F","Juvenile"
"imm.sk.","male",8,-96.5616666666,16.25,1964,"Aimophila ruficeps australis","Aimophila_ruficeps",21.6,NA,17.8,809,1.36811637817929,123.737891367363,"Summer",3667,17.85,703,1.38416640583297,127.773024614959,17.86,950.4,1.17121437237323,136.703200568582,"M","Juvenile"
"imm.sk.","male",12,-110.6958,32.3356,1963,"Aimophila ruficeps scottii","Aimophila_ruficeps",20.7,NA,16.8,475,7.21513560636124,87.3192655702667,"Winter",3525,16.75,463,7.20695748208538,96.8062757324134,16.5,470.8,7.30565004533134,103.59347538124,"M","Juvenile"
"imm.sk.","female",8,-96.425,16.8225,1963,"Aimophila ruficeps australis","Aimophila_ruficeps",18.8,NA,16.2,542,1.51804798902067,117.146797888493,"Summer",3663,16.15,645,1.30041669912138,119.059816257263,16.32,761,1.2343897849913,113.901627241744,"F","Juvenile"
"imm.sk.","male",8,-96.5616666666,16.25,1964,"Aimophila ruficeps australis","Aimophila_ruficeps",19.5,NA,17.8,809,1.36811637817929,123.737891367363,"Summer",3531,17.85,703,1.38416640583297,127.773024614959,17.86,950.4,1.17121437237323,136.703200568582,"M","Juvenile"
"imm.sk.","female",8,-96.4302777777,16.8172222222,1964,"Aimophila ruficeps australis","Aimophila_ruficeps",18.1,NA,16.2,642,1.51347482985548,108.075241857862,"Summer",3670,16.25,589,1.52380335180354,112.372354304992,16.32,719,1.2766863728097,115.457961365808,"F","Juvenile"
"imm.sk.","male",12,-110.6958,32.3356,1963,"Aimophila ruficeps scottii","Aimophila_ruficeps",18.8,NA,16.8,475,7.21513560636124,87.3192655702667,"Winter",3526,16.75,463,7.20695748208538,96.8062757324134,16.5,470.8,7.30565004533134,103.59347538124,"M","Juvenile"
"juv.","undetermined",5,-115.4436111,31.05,1926,"Aimophila ruficeps canescens","Aimophila_ruficeps",15,NA,10.8,587,4.5745259731242,129.82135315136,"Spring",3760,10.6,563,4.47476190431075,123.116992298726,10.24,569.2,4.77937888744702,117.187729162656,"NS","Juvenile"
"juv.","male",6,-115.4436111,31.05,1926,"Aimophila ruficeps canescens","Aimophila_ruficeps",15.8,NA,10.8,587,4.5745259731242,129.82135315136,"Summer",3786,10.6,563,4.47476190431075,123.116992298726,10.24,569.2,4.77937888744702,117.187729162656,"M","Juvenile"
"juv.","male",6,-106.45,29.3226,1959,"Aimophila ruficeps eremoeca","Aimophila_ruficeps",16.6,NA,15.9,315,6.35721970866529,149.588297511,"Summer",3658,15.7,395,6.71789960931132,135.191622741344,15.72,351,6.48995593029022,143.26803851227,"M","Juvenile"
"juv.","male",11,-106.9019138169,29.3812953854,1968,"Aimophila ruficeps eremoeca","Aimophila_ruficeps",20,NA,13.9,520,6.13684229334055,170.614180224898,"Fall",3540,14.05,510.5,6.03184399871147,154.913359422568,14.12,418.6,6.38220441137368,137.627426762329,"M","Juvenile"
"juv.","female",6,-115.4436111,31.05,1926,"Aimophila ruficeps canescens","Aimophila_ruficeps",15.2,NA,10.8,587,4.5745259731242,129.82135315136,"Summer",3785,10.6,563,4.47476190431075,123.116992298726,10.24,569.2,4.77937888744702,117.187729162656,"F","Juvenile"
"juv.","male",6,-106.770421,29.485097,1959,"Aimophila ruficeps eremoeca","Aimophila_ruficeps",17,NA,12.5,463,6.20212573529138,151.806493038029,"Summer",3520,12.3,551.5,6.56567837388308,126.668554008134,12.3,484.2,6.35139621654642,139.780285664922,"M","Juvenile"
"sk.double","female",4,-96.4202777777,16.9222222222,1965,"Aimophila ruficeps australis","Aimophila_ruficeps",15.4,NA,17.4,539,1.79753619258038,109.098997707161,"Spring",3539,17.35,526,1.83275393422059,107.295973926086,17.44,534.6,1.75899055689969,112.3063460799,"F","NS"
"skull fully ossified","male",2,-121.7806052778,37.4007761111,2006,"Aimophila ruficeps ruficeps","Aimophila_ruficeps",17.9,NA,15,694,4.75632752395706,120.151327875691,"Winter",3541,15.2,746.5,4.42533475896659,120.277709414796,15.28,640.4,4.50432259241494,135.265839226966,"M","Adult"
"s.o.","male",8,-106.8987177777,29.3920969444,1961,"Aimophila ruficeps eremoeca","Aimophila_ruficeps",20.3,NA,13.9,408,6.2050504844966,116.088641244644,"Summer",3660,13.95,387,6.47391781487877,132.431513810107,14.18,434.8,6.38782425783173,136.738728117656,"M","Adult"
"subad.","undetermined",8,-119.73334,34.00422,1967,"Aimophila ruficeps obscura","Aimophila_ruficeps",19.1,NA,13.8,522,3.4193190000704,140.262184375505,"Summer",3676,13.85,426,3.18911476424155,155.520085321663,14.02,448.6,2.94549072304936,132.552708191541,"NS","Adult"
"u ad.","female",5,-111.0917,31.3886,1936,"Aimophila ruficeps scottii","Aimophila_ruficeps",16.5,NA,16.1,489,6.85266482118563,107.372214086655,"Spring",3578,15.75,537,6.65528230556524,103.586999223279,15.88,536.4,6.67033185061536,105.639744594167,"F","Adult"
"u ad.","female",6,-106.6953533524,29.5152066475,1957,"Aimophila ruficeps eremoeca","Aimophila_ruficeps",20.1,NA,14.3,459,5.82868429459519,151.355595038893,"Summer",3647,14.1,360,6.31775787805451,142.106759967543,14.04,368.4,6.32947000486984,147.786691137095,"F","Adult"
"u ad.","male",7,-108.4167461155,30.0146438844,1948,"Aimophila ruficeps scottii","Aimophila_ruficeps",19.9,NA,13.1,351,6.92931300980687,121.571115249925,"Summer",3632,12.95,348,6.94989322570161,111.468469128486,13,364.2,6.80940241084761,122.459866178837,"M","Adult"
"u ad.","female",7,-103.7845,20.320279,1950,"Aimophila ruficeps fusca","Aimophila_ruficeps",22.5,NA,20,712,2.31686831474704,131.166350285168,"Summer",3641,20.1,670.5,2.32491682684693,128.598791369864,20.26,682.8,2.51378410510101,110.335709068094,"F","Adult"
"u ad.","female",6,-106.770421,29.485097,1959,"Aimophila ruficeps eremoeca","Aimophila_ruficeps",17.4,NA,12.5,463,6.20212573529138,151.806493038029,"Summer",3517,12.3,551.5,6.56567837388308,126.668554008134,12.3,484.2,6.35139621654642,139.780285664922,"F","Adult"
"u ad.","female",3,-122.277108,37.871028,1936,"Aimophila ruficeps ruficeps","Aimophila_ruficeps",16,NA,14.5,525,2.62326421687087,144.912794453386,"Spring",3574,14,513.5,2.5651952119709,127.428996437503,14.02,427,2.70603821817776,122.396656343094,"F","Adult"
"u ad.","male",6,-106.6953533524,29.5152066475,1957,"Aimophila ruficeps eremoeca","Aimophila_ruficeps",19,NA,14.3,459,5.82868429459519,151.355595038893,"Summer",3646,14.1,360,6.31775787805451,142.106759967543,14.04,368.4,6.32947000486984,147.786691137095,"M","Adult"
"u ad.","male",6,-106.770421,29.485097,1959,"Aimophila ruficeps eremoeca","Aimophila_ruficeps",18.4,NA,12.5,463,6.20212573529138,151.806493038029,"Summer",3518,12.3,551.5,6.56567837388308,126.668554008134,12.3,484.2,6.35139621654642,139.780285664922,"M","Adult"
"u ad.","female",7,-108.4167461155,30.0146438844,1948,"Aimophila ruficeps scottii","Aimophila_ruficeps",18.6,NA,13.1,351,6.92931300980687,121.571115249925,"Summer",3633,12.95,348,6.94989322570161,111.468469128486,13,364.2,6.80940241084761,122.459866178837,"F","Adult"
"u ad.","male",3,-119.6859402,34.0195873,1950,"Aimophila ruficeps obscura","Aimophila_ruficeps",20.6,NA,13.9,274,2.36258717972865,98.4298061910462,"Spring",3508,13.75,274,2.80358153650579,110.903922574005,13.64,242.8,2.72113074497084,124.199781915201,"M","Adult"
"u ad.","female",3,-119.748188,33.9646719,1950,"Aimophila ruficeps obscura","Aimophila_ruficeps",21.2,NA,13.9,233,2.19958673804463,98.0253957531554,"Spring",3511,13.75,231.5,2.62920204857494,111.281023769937,13.64,206,2.53439353140313,123.691213595731,"F","Adult"
"u ad.","male",6,-106.6953533524,29.5152066475,1957,"Aimophila ruficeps eremoeca","Aimophila_ruficeps",19,NA,14.3,459,5.82868429459519,151.355595038893,"Summer",3650,14.1,360,6.31775787805451,142.106759967543,14.04,368.4,6.32947000486984,147.786691137095,"M","Adult"
"u ad.","male",5,-111.0917,31.3886,1936,"Aimophila ruficeps scottii","Aimophila_ruficeps",18.6,NA,16.1,489,6.85266482118563,107.372214086655,"Spring",3576,15.75,537,6.65528230556524,103.586999223279,15.88,536.4,6.67033185061536,105.639744594167,"M","Adult"
"u ad.","female",5,-122.66659,38.99504,1953,"Aimophila ruficeps ruficeps","Aimophila_ruficeps",16.8,NA,14.2,508,5.76909215062684,123.720718023206,"Spring",3514,14.05,699.5,6.27373063353638,135.686431876257,14,677.8,6.41194745118446,134.115799169427,"F","Adult"
"u ad.","male",3,-119.6859402,34.0195873,1950,"Aimophila ruficeps obscura","Aimophila_ruficeps",20,NA,13.9,274,2.36258717972865,98.4298061910462,"Spring",3509,13.75,274,2.80358153650579,110.903922574005,13.64,242.8,2.72113074497084,124.199781915201,"M","Adult"
"u ad.","female",7,-108.4167461155,30.0146438844,1948,"Aimophila ruficeps scottii","Aimophila_ruficeps",20.3,NA,13.1,351,6.92931300980687,121.571115249925,"Summer",3506,12.95,348,6.94989322570161,111.468469128486,13,364.2,6.80940241084761,122.459866178837,"F","Adult"
"u ad.","male",5,-122.66659,38.99504,1953,"Aimophila ruficeps ruficeps","Aimophila_ruficeps",18,NA,14.2,508,5.76909215062684,123.720718023206,"Spring",3642,14.05,699.5,6.27373063353638,135.686431876257,14,677.8,6.41194745118446,134.115799169427,"M","Adult"
"u ad.","male",6,-106.770421,29.485097,1959,"Aimophila ruficeps eremoeca","Aimophila_ruficeps",20.4,NA,12.5,463,6.20212573529138,151.806493038029,"Summer",3657,12.3,551.5,6.56567837388308,126.668554008134,12.3,484.2,6.35139621654642,139.780285664922,"M","Adult"
"u ad.","male",7,-108.4167461155,30.0146438844,1948,"Aimophila ruficeps scottii","Aimophila_ruficeps",18.8,NA,13.1,351,6.92931300980687,121.571115249925,"Summer",3634,12.95,348,6.94989322570161,111.468469128486,13,364.2,6.80940241084761,122.459866178837,"M","Adult"
"u ad.","male",3,-119.9151891,34.0589831,1950,"Aimophila ruficeps obscura","Aimophila_ruficeps",20.6,NA,13.7,287,2.2254723706951,97.4168338729294,"Spring",3512,13.55,288,2.64671990775338,108.987306528466,13.44,255,2.57158670878858,120.738037238725,"M","Adult"
"u ad.","male",4,-102.5517555606,28.9779644393,1953,"Aimophila ruficeps eremoeca","Aimophila_ruficeps",20.5,NA,16.1,279,5.92657088241104,110.285245750577,"Spring",3643,15.9,273.5,5.70232351057486,106.376413227173,15.94,374.4,5.45633257956128,95.8124327447315,"M","Adult"
"u ad.","male",6,-106.6953533524,29.5152066475,1957,"Aimophila ruficeps eremoeca","Aimophila_ruficeps",20.6,NA,14.3,459,5.82868429459519,151.355595038893,"Summer",3649,14.1,360,6.31775787805451,142.106759967543,14.04,368.4,6.32947000486984,147.786691137095,"M","Adult"
"u ad.","female",6,-106.770421,29.485097,1959,"Aimophila ruficeps eremoeca","Aimophila_ruficeps",19.7,NA,12.5,463,6.20212573529138,151.806493038029,"Summer",3516,12.3,551.5,6.56567837388308,126.668554008134,12.3,484.2,6.35139621654642,139.780285664922,"F","Adult"
"u ad.","male",6,-106.6953533524,29.5152066475,1957,"Aimophila ruficeps eremoeca","Aimophila_ruficeps",20,NA,14.3,459,5.82868429459519,151.355595038893,"Summer",3645,14.1,360,6.31775787805451,142.106759967543,14.04,368.4,6.32947000486984,147.786691137095,"M","Adult"
"u ad.","female",6,-106.770421,29.485097,1959,"Aimophila ruficeps eremoeca","Aimophila_ruficeps",16.9,NA,12.5,463,6.20212573529138,151.806493038029,"Summer",3653,12.3,551.5,6.56567837388308,126.668554008134,12.3,484.2,6.35139621654642,139.780285664922,"F","Adult"
"u ad.","male",4,-122.25153,37.87816,1940,"Aimophila ruficeps ruficeps","Aimophila_ruficeps",18.8,NA,14.2,1005,2.49695268823274,120.651310136385,"Spring",3579,14.1,660.5,2.87134207541338,113.978797731201,13.84,683.8,3.15038012747185,122.481987321155,"M","Adult"
"u ad.","male",3,-119.748188,33.9646719,1950,"Aimophila ruficeps obscura","Aimophila_ruficeps",18.2,NA,13.9,233,2.19958673804463,98.0253957531554,"Spring",3640,13.75,231.5,2.62920204857494,111.281023769937,13.64,206,2.53439353140313,123.691213595731,"M","Adult"
"u ad.","female",4,-102.5517555606,28.9779644393,1953,"Aimophila ruficeps eremoeca","Aimophila_ruficeps",17.8,NA,16.1,279,5.92657088241104,110.285245750577,"Spring",3644,15.9,273.5,5.70232351057486,106.376413227173,15.94,374.4,5.45633257956128,95.8124327447315,"F","Adult"
"u ad.","male",6,-106.6953533524,29.5152066475,1957,"Aimophila ruficeps eremoeca","Aimophila_ruficeps",18.5,NA,14.3,459,5.82868429459519,151.355595038893,"Summer",3648,14.1,360,6.31775787805451,142.106759967543,14.04,368.4,6.32947000486984,147.786691137095,"M","Adult"
"u ad.","female",5,-111.0917,31.3886,1936,"Aimophila ruficeps scottii","Aimophila_ruficeps",16.9,NA,16.1,489,6.85266482118563,107.372214086655,"Spring",3575,15.75,537,6.65528230556524,103.586999223279,15.88,536.4,6.67033185061536,105.639744594167,"F","Adult"
"u ad.","male",6,-106.770421,29.485097,1959,"Aimophila ruficeps eremoeca","Aimophila_ruficeps",19.4,NA,12.5,463,6.20212573529138,151.806493038029,"Summer",3519,12.3,551.5,6.56567837388308,126.668554008134,12.3,484.2,6.35139621654642,139.780285664922,"M","Adult"
"u ad.","male",5,-121.8604466,37.9578875,1944,"Aimophila ruficeps ruficeps","Aimophila_ruficeps",18.8,NA,14.5,568,4.94487031419859,108.929385750828,"Spring",3724,14.7,505,4.7258290620589,124.602562563693,14.84,657.2,4.64338082124666,116.121981338919,"M","Adult"
"u ad.","male",3,-119.6859402,34.0195873,1950,"Aimophila ruficeps obscura","Aimophila_ruficeps",17.8,NA,13.9,274,2.36258717972865,98.4298061910462,"Spring",3510,13.75,274,2.80358153650579,110.903922574005,13.64,242.8,2.72113074497084,124.199781915201,"M","Adult"
"u ad.","male",5,-111.0917,31.3886,1936,"Aimophila ruficeps scottii","Aimophila_ruficeps",17.8,NA,16.1,489,6.85266482118563,107.372214086655,"Spring",3577,15.75,537,6.65528230556524,103.586999223279,15.88,536.4,6.67033185061536,105.639744594167,"M","Adult"
"u ad.","female",9,-103.5343233102,20.7543505057,1950,"Aimophila ruficeps fusca","Aimophila_ruficeps",19.3,NA,19.2,861,2.51359937503609,133.041297849039,"Fall",3513,19.3,847.5,2.51889270622894,131.493713667193,19.4,878.2,2.70983807072861,124.197172414416,"F","Adult"
"u ad.","male",6,-106.770421,29.485097,1959,"Aimophila ruficeps eremoeca","Aimophila_ruficeps",18.9,NA,12.5,463,6.20212573529138,151.806493038029,"Summer",3521,12.3,551.5,6.56567837388308,126.668554008134,12.3,484.2,6.35139621654642,139.780285664922,"M","Adult"
"u ad.","male",5,-120.29042,37.65638,1915,"Aimophila ruficeps ruficeps","Aimophila_ruficeps",18,NA,17,515,6.71698435221333,126.132219286824,"Spring",3678,16.9,527,6.61610272912731,140.57357642828,16.62,480.8,6.88315094438294,133.220729609044,"M","Adult"
"u ad.","male",7,-106.45,29.3226,1959,"Aimophila ruficeps eremoeca","Aimophila_ruficeps",19.3,NA,15.9,315,6.35721970866529,149.588297511,"Summer",3659,15.7,395,6.71789960931132,135.191622741344,15.72,351,6.48995593029022,143.26803851227,"M","Adult"
"u ad.","female",3,-119.6859402,34.0195873,1950,"Aimophila ruficeps obscura","Aimophila_ruficeps",18.8,NA,13.9,274,2.36258717972865,98.4298061910462,"Spring",3639,13.75,274,2.80358153650579,110.903922574005,13.64,242.8,2.72113074497084,124.199781915201,"F","Adult"
"u ad.","male",5,-111.0917,31.3886,1936,"Aimophila ruficeps scottii","Aimophila_ruficeps",19.8,NA,16.1,489,6.85266482118563,107.372214086655,"Spring",3715,15.75,537,6.65528230556524,103.586999223279,15.88,536.4,6.67033185061536,105.639744594167,"M","Adult"
"U-Ad.","female",12,-96.71692,16.96745,1964,"Aimophila ruficeps australis","Aimophila_ruficeps",19.4,NA,20.2,596,1.90714366781765,105.365824223548,"Winter",3775,20.25,552.5,1.95481159570719,110.79710557423,20.34,661,1.76482295396625,116.499614614925,"F","Adult"
"u juv.","female",9,-119.6859402,34.0195873,1948,"Aimophila ruficeps obscura","Aimophila_ruficeps",18,NA,13,249,2.49452430638619,139.51263416374,"Fall",3494,13.45,179,2.55900255387757,131.25283114952,13.62,283.4,2.67789597682075,138.951734183925,"F","Juvenile"
"u juv.","male",9,-119.6859402,34.0195873,1948,"Aimophila ruficeps obscura","Aimophila_ruficeps",19.1,NA,13,249,2.49452430638619,139.51263416374,"Fall",3620,13.45,179,2.55900255387757,131.25283114952,13.62,283.4,2.67789597682075,138.951734183925,"M","Juvenile"
"U-Nestling","male",4,-122.73417,37.93,1978,"Aimophila ruficeps ruficeps","Aimophila_ruficeps",11.4,NA,13,699,2.48870174260323,136.76897086498,"Spring",3752,12.85,591,2.4056262934391,125.922808536746,12.54,517.2,2.46374821198911,116.58082960356,"M","Juvenile"
"unknown","female",12,-121.224414,37.294612,1943,"Aimophila ruficeps ruficeps","Aimophila_ruficeps",18.2,NA,15.7,267,5.26862497155653,127.928504323699,"Winter",3585,15.65,282.5,5.46815490884767,110.466223148304,16.04,344.2,5.46741748283816,111.738480544393,"F","NS"
"unknown","female",7,-108.2833848,32.7864992,1963,"Aimophila ruficeps scottii","Aimophila_ruficeps",18.5,NA,12.5,394,7.58069717750087,102.767485664406,"Summer",3780,12.45,420,7.38127518057583,102.178180668751,12.24,412.6,7.45699560269958,102.178977677581,"F","NS"
"unknown","female",12,-121.224414,37.294612,1943,"Aimophila ruficeps ruficeps","Aimophila_ruficeps",16.1,NA,15.7,267,5.26862497155653,127.928504323699,"Winter",3581,15.65,282.5,5.46815490884767,110.466223148304,16.04,344.2,5.46741748283816,111.738480544393,"F","NS"
"unknown","male",11,-110.88361,31.00056,1946,"Aimophila ruficeps scottii","Aimophila_ruficeps",18.3,NA,17.6,467,6.99213302522372,138.697810308703,"Fall",3498,17.5,416,6.9245650575623,140.199560405279,17.8,386.4,6.87039444333646,122.803462411769,"M","NS"
"unknown","male",11,-110.88361,31.00056,1946,"Aimophila ruficeps scottii","Aimophila_ruficeps",19.8,NA,17.6,467,6.99213302522372,138.697810308703,"Fall",3624,17.5,416,6.9245650575623,140.199560405279,17.8,386.4,6.87039444333646,122.803462411769,"M","NS"
"unknown","male",11,-110.88361,31.00056,1946,"Aimophila ruficeps scottii","Aimophila_ruficeps",20,NA,17.6,467,6.99213302522372,138.697810308703,"Fall",3623,17.5,416,6.9245650575623,140.199560405279,17.8,386.4,6.87039444333646,122.803462411769,"M","NS"
"unknown","female",9,-119.7054556,34.0041653,1948,"Aimophila ruficeps obscura","Aimophila_ruficeps",18.7,NA,12.8,278,2.62244103264439,137.843921379049,"Fall",3621,13.25,200.5,2.68590367540969,131.036346736,13.4,316.4,2.79831797329163,138.461891981906,"F","NS"
"unknown","male",12,-122.2715302,37.8697904,1940,"Aimophila ruficeps ruficeps","Aimophila_ruficeps",19.8,NA,14.4,881,2.07795062209832,122.195160558914,"Winter",3716,14.3,577,2.45789508796867,114.334962827859,14.02,595.6,2.73502030804872,123.190598421949,"M","NS"
"unknown","male",6,-110.6958,32.3356,1964,"Aimophila ruficeps scottii","Aimophila_ruficeps",19.3,NA,15.5,572,7.6994096585978,98.1131791585934,"Summer",3536,16.15,523.5,7.45727263247952,92.7162223644301,16.26,475,7.42696676081047,96.3400359178453,"M","NS"
"unknown","male",1,-122.2169749,37.8688241,1918,"Aimophila ruficeps ruficeps","Aimophila_ruficeps",17.5,NA,13.2,587,3.85930595110603,115.949502669519,"Winter",3547,13.3,468.5,3.88569935134333,131.035428291312,13.48,688.6,3.65843102705427,140.167963181132,"M","NS"
"unknown","male",11,-122.0779873,37.860179,1947,"Aimophila ruficeps ruficeps","Aimophila_ruficeps",17.5,NA,14.3,386,5.15663738214247,103.233828064042,"Fall",3727,13.85,376.5,4.92121171621616,110.052957706389,14.04,521,4.53351536758681,116.356885908712,"M","NS"
"unknown","male",2,-99.587214,22.432612,1948,"Aimophila ruficeps boucardi","Aimophila_ruficeps",21.3,NA,21.1,629,3.80002990418855,112.09703068905,"Winter",3493,20.95,665,3.84721087693003,130.84017772957,20.88,709.2,3.90989887746674,119.850736553082,"M","NS"
"unknown","female",2,-121.8604466,37.9578875,1944,"Aimophila ruficeps ruficeps","Aimophila_ruficeps",17.5,NA,14.5,568,4.94487031419859,108.929385750828,"Winter",3723,14.7,505,4.7258290620589,124.602562563693,14.84,657.2,4.64338082124666,116.121981338919,"F","NS"
"unknown","female",8,-98.4361111111,23.2027777777,1945,"Aimophila ruficeps boucardi","Aimophila_ruficeps",19,NA,21.6,712,3.53076307315966,82.4147224580186,"Summer",3725,21.35,1013.5,3.66619874520512,98.6656188481798,21.1,1011.4,3.84533392243688,100.708140932441,"F","NS"
"unknown","female",12,-121.224414,37.294612,1943,"Aimophila ruficeps ruficeps","Aimophila_ruficeps",17.8,NA,15.7,267,5.26862497155653,127.928504323699,"Winter",3583,15.65,282.5,5.46815490884767,110.466223148304,16.04,344.2,5.46741748283816,111.738480544393,"F","NS"
"unknown","male",12,-121.224414,37.294612,1943,"Aimophila ruficeps ruficeps","Aimophila_ruficeps",18.8,NA,15.7,267,5.26862497155653,127.928504323699,"Winter",3584,15.65,282.5,5.46815490884767,110.466223148304,16.04,344.2,5.46741748283816,111.738480544393,"M","NS"
"unknown","male",12,-110,23.566667,1928,"Aimophila ruficeps sororia","Aimophila_ruficeps",20.3,NA,16.7,461,3.40884544570845,138.309335975346,"Winter",3564,16.5,518,3.45030532503745,137.875649165619,16.44,548.6,3.52561363547399,128.66964282149,"M","NS"
"unknown","female",6,-110.6958,32.3356,1964,"Aimophila ruficeps scottii","Aimophila_ruficeps",18.7,NA,15.5,572,7.6994096585978,98.1131791585934,"Summer",3675,16.15,523.5,7.45727263247952,92.7162223644301,16.26,475,7.42696676081047,96.3400359178453,"F","NS"
"unknown","female",7,-108.8545449,33.1700954,1963,"Aimophila ruficeps scottii","Aimophila_ruficeps",23.7,NA,13.3,361,7.69302616108587,98.912002000153,"Summer",3757,13.35,385,7.56266333682601,88.2839433500543,13.16,388.2,7.78939451051037,89.4977649544841,"F","NS"
"unknown","male",11,-110.88361,31.00056,1946,"Aimophila ruficeps scottii","Aimophila_ruficeps",21.5,NA,17.6,467,6.99213302522372,138.697810308703,"Fall",3497,17.5,416,6.9245650575623,140.199560405279,17.8,386.4,6.87039444333646,122.803462411769,"M","NS"
"unknown","undetermined",2,-99.587214,22.432612,1948,"Aimophila ruficeps boucardi","Aimophila_ruficeps",19.7,NA,21.1,629,3.80002990418855,112.09703068905,"Winter",3619,20.95,665,3.84721087693003,130.84017772957,20.88,709.2,3.90989887746674,119.850736553082,"NS","NS"
"unknown","female",5,-118.468881,34.323071,1929,"Aimophila ruficeps canescens","Aimophila_ruficeps",18,NA,17.5,212,5.64454013479693,132.779667621649,"Spring",3707,17.4,246,4.9617395215984,123.958298732359,17.26,345.4,4.71491296483396,124.987770709396,"F","NS"
"unknown","male",2,-121.8604466,37.9578875,1944,"Aimophila ruficeps ruficeps","Aimophila_ruficeps",17.8,NA,14.5,568,4.94487031419859,108.929385750828,"Winter",3721,14.7,505,4.7258290620589,124.602562563693,14.84,657.2,4.64338082124666,116.121981338919,"M","NS"
"unknown","female",12,-121.224414,37.294612,1943,"Aimophila ruficeps ruficeps","Aimophila_ruficeps",16.4,NA,15.7,267,5.26862497155653,127.928504323699,"Winter",3582,15.65,282.5,5.46815490884767,110.466223148304,16.04,344.2,5.46741748283816,111.738480544393,"F","NS"
"unknown","undetermined",12,-121.224414,37.294612,1943,"Aimophila ruficeps ruficeps","Aimophila_ruficeps",18.4,NA,15.7,267,5.26862497155653,127.928504323699,"Winter",3717,15.65,282.5,5.46815490884767,110.466223148304,16.04,344.2,5.46741748283816,111.738480544393,"NS","NS"
"unknown","male",11,-110.88361,31.00056,1946,"Aimophila ruficeps scottii","Aimophila_ruficeps",19.7,NA,17.6,467,6.99213302522372,138.697810308703,"Fall",3496,17.5,416,6.9245650575623,140.199560405279,17.8,386.4,6.87039444333646,122.803462411769,"M","NS"
"unknown","female",6,-110.6958,32.3356,1964,"Aimophila ruficeps scottii","Aimophila_ruficeps",19.1,NA,15.5,572,7.6994096585978,98.1131791585934,"Summer",3538,16.15,523.5,7.45727263247952,92.7162223644301,16.26,475,7.42696676081047,96.3400359178453,"F","NS"
"unknown","male",7,-108.876663,31.533611,1963,"Aimophila ruficeps scottii","Aimophila_ruficeps",21.7,NA,15.3,341,7.00001623374741,112.17382547968,"Summer",3665,15.3,348.5,6.94548165164188,107.133279893101,14.88,344,7.15104799870105,105.248948345177,"M","NS"
"unknown","male",12,-121.224414,37.294612,1943,"Aimophila ruficeps ruficeps","Aimophila_ruficeps",19.1,NA,15.7,267,5.26862497155653,127.928504323699,"Winter",3586,15.65,282.5,5.46815490884767,110.466223148304,16.04,344.2,5.46741748283816,111.738480544393,"M","NS"
"unknown","undetermined",12,-110,23.566667,1928,"Aimophila ruficeps sororia","Aimophila_ruficeps",17.5,NA,16.7,461,3.40884544570845,138.309335975346,"Winter",3569,16.5,518,3.45030532503745,137.875649165619,16.44,548.6,3.52561363547399,128.66964282149,"NS","NS"
"unknown","male",7,-103.23833,20.7332067449,1963,"Aimophila ruficeps simulans","Aimophila_ruficeps",22.3,NA,18.8,977,2.667480936287,102.719768609811,"Summer",3666,18.85,923,2.6889422869502,110.997024384905,18.76,888.2,2.67654776370072,124.632419550822,"M","NS"
"unknown","male",12,-121.224414,37.294612,1943,"Aimophila ruficeps ruficeps","Aimophila_ruficeps",19.1,NA,15.7,267,5.26862497155653,127.928504323699,"Winter",3718,15.65,282.5,5.46815490884767,110.466223148304,16.04,344.2,5.46741748283816,111.738480544393,"M","NS"
"unknown","female",9,-120.23726,35.27921,1947,"Aimophila ruficeps ruficeps","Aimophila_ruficeps",17.9,NA,14.9,218,6.65907901539945,99.9383731970119,"Fall",3504,14.6,371.5,6.72495475431827,113.399358636278,14.8,560.4,6.5062017987076,129.394734496102,"F","NS"
"unknown","male",10,-105.83417,23.46889,1946,"Aimophila ruficeps simulans","Aimophila_ruficeps",17.7,NA,17.6,1187,2.77319419814157,108.597016186447,"Fall",3495,17.3,1064.5,2.79565868234334,125.933818736286,17.22,1153.4,2.74379659220151,115.563062860886,"M","NS"
"unknown","male",8,-96.5616666666,16.25,1964,"Aimophila ruficeps australis","Aimophila_ruficeps",20.8,NA,17.8,809,1.36811637817929,123.737891367363,"Summer",3674,17.85,703,1.38416640583297,127.773024614959,17.86,950.4,1.17121437237323,136.703200568582,"M","NS"
"unknown","female",3,-116.1,30.9667,1925,"Aimophila ruficeps canescens","Aimophila_ruficeps",16.6,NA,16.9,232,3.40946765595007,128.779474546737,"Spring",3548,16.8,216.5,3.56106513167352,131.852858512107,16.7,232,3.69599655470731,124.217743911475,"F","NS"
"unknown","male",4,-115.7666666667,30.8666666667,1925,"Aimophila ruficeps canescens","Aimophila_ruficeps",15.9,NA,16,266,4.03021730371348,124.899293379329,"Spring",3689,15.95,221,4.24917682585247,121.78849004072,15.78,252.6,4.39199150746834,114.046729927133,"M","NS"
"unknown","female",7,-108.8545449,33.1700954,1963,"Aimophila ruficeps scottii","Aimophila_ruficeps",18.7,NA,13.3,361,7.69302616108587,98.912002000153,"Summer",3758,13.35,385,7.56266333682601,88.2839433500543,13.16,388.2,7.78939451051037,89.4977649544841,"F","NS"
"unknown","male",2,-121.8604466,37.9578875,1944,"Aimophila ruficeps ruficeps","Aimophila_ruficeps",17.3,NA,14.5,568,4.94487031419859,108.929385750828,"Winter",3722,14.7,505,4.7258290620589,124.602562563693,14.84,657.2,4.64338082124666,116.121981338919,"M","NS"
"unknown","male",10,-105.83417,23.46889,1946,"Aimophila ruficeps simulans","Aimophila_ruficeps",21.8,NA,17.6,1187,2.77319419814157,108.597016186447,"Fall",3622,17.3,1064.5,2.79565868234334,125.933818736286,17.22,1153.4,2.74379659220151,115.563062860886,"M","NS"
"unknown","male",12,-119.78997,37.67852,1914,"Aimophila ruficeps ruficeps","Aimophila_ruficeps",18.4,NA,12.6,952,6.62343749441514,181.211021847503,"Winter",3543,12.3,831.5,6.93119468449546,141.712532435803,12.26,781,6.81829558173254,137.481912293996,"M","NS"
"unknown","female",12,-110,23.566667,1928,"Aimophila ruficeps sororia","Aimophila_ruficeps",18.8,NA,16.7,461,3.40884544570845,138.309335975346,"Winter",3563,16.5,518,3.45030532503745,137.875649165619,16.44,548.6,3.52561363547399,128.66964282149,"F","NS"
"unknown","male",7,-108.2723661,32.8584594,1963,"Aimophila ruficeps scottii","Aimophila_ruficeps",20,NA,11.4,444,7.35798885565886,100.348023126524,"Summer",3781,11.35,483,7.16460336988959,101.398276383625,11.16,480,7.25958414603883,100.928547902709,"M","NS"
"unknown","female",6,-110.6958,32.3356,1963,"Aimophila ruficeps scottii","Aimophila_ruficeps",18,NA,16.8,475,7.21513560636124,87.3192655702667,"Summer",3527,16.75,463,7.20695748208538,96.8062757324134,16.5,470.8,7.30565004533134,103.59347538124,"F","NS"
"unknown","male",8,-96.425,16.8225,1963,"Aimophila ruficeps australis","Aimophila_ruficeps",21.6,NA,16.2,542,1.51804798902067,117.146797888493,"Summer",3528,16.15,645,1.30041669912138,119.059816257263,16.32,761,1.2343897849913,113.901627241744,"M","NS"
"unknown","undetermined",12,-121.224414,37.294612,1943,"Aimophila ruficeps ruficeps","Aimophila_ruficeps",18.4,NA,15.7,267,5.26862497155653,127.928504323699,"Winter",3587,15.65,282.5,5.46815490884767,110.466223148304,16.04,344.2,5.46741748283816,111.738480544393,"NS","NS"
"unknown","female",3,-101.6385429455,19.51583,1943,"Aimophila ruficeps fusca","Aimophila_ruficeps",17.8,NA,15.5,1427,2.63592603473733,138.147118662538,"Spring",3580,15.7,1194,2.46852282841192,133.051538497399,15.46,1071.2,2.3575605005761,121.634655808126,"F","NS"
"unknown","male",7,-108.8545449,33.1700954,1963,"Aimophila ruficeps scottii","Aimophila_ruficeps",19,NA,13.3,361,7.69302616108587,98.912002000153,"Summer",3782,13.35,385,7.56266333682601,88.2839433500543,13.16,388.2,7.78939451051037,89.4977649544841,"M","NS"
"unknown","male",6,-110.6958,32.3356,1964,"Aimophila ruficeps scottii","Aimophila_ruficeps",19.4,NA,15.5,572,7.6994096585978,98.1131791585934,"Summer",3537,16.15,523.5,7.45727263247952,92.7162223644301,16.26,475,7.42696676081047,96.3400359178453,"M","NS"
"unknown","male",12,-121.224414,37.294612,1943,"Aimophila ruficeps ruficeps","Aimophila_ruficeps",17.8,NA,15.7,267,5.26862497155653,127.928504323699,"Winter",3719,15.65,282.5,5.46815490884767,110.466223148304,16.04,344.2,5.46741748283816,111.738480544393,"M","NS"
"unknown","male",1,-122.2169749,37.8688241,1918,"Aimophila ruficeps ruficeps","Aimophila_ruficeps",28.3,NA,13.2,587,3.85930595110603,115.949502669519,"Winter",3546,13.3,468.5,3.88569935134333,131.035428291312,13.48,688.6,3.65843102705427,140.167963181132,"M","NS"
NA,"female",2,-108.5408666667,32.52275,2013,"Aimophila ruficeps","Aimophila_ruficeps",14.6,NA,14.3,332,8.12575404426437,121.944244038751,"Winter",3777,14.65,293.5,7.76926738816955,130.167311284877,14.54,325.6,7.85116110619574,111.41318244479,"F","NS"
NA,"male",4,-102.9666667,36.9666667,1959,"Aimophila ruficeps","Aimophila_ruficeps",20,NA,12.1,369,9.41481746391229,78.0918794719204,"Spring",3795,12.2,427.5,9.46625018442091,86.2344454128744,12.46,369,9.3639474140198,99.2469612424356,"M","NS"
NA,"male",7,-108.35,32.8333333,1963,"Aimophila ruficeps","Aimophila_ruficeps",17,NA,11.1,437,7.29800200968274,105.171026251189,"Summer",3797,11.05,469.5,7.11578057759482,102.644388061851,10.88,464.6,7.20452145719229,100.804691812757,"M","NS"
NA,"female",12,-110.6964759,32.3356308,1968,"Aimophila ruficeps scottii","Aimophila_ruficeps",22.3,NA,16.4,525,6.7114556069184,87.8372359008456,"Winter",3606,16.4,570,6.79807493701195,97.5923520025288,16.12,605,7.07512245081097,101.014538694166,"F","NS"
NA,"female",5,-99.3955167,30.0416667,2012,"Aimophila ruficeps","Aimophila_ruficeps",17.9,NA,19.8,821,6.6762071885347,81.6878886124675,"Spring",3773,19.85,664,7.3162327228448,84.42873839318,19.2,654.2,7.29677990948538,89.7684408772538,"F","NS"
NA,"male",5,-98.0852833,30.1666667,2011,"Aimophila ruficeps","Aimophila_ruficeps",20.3,NA,21.3,547,8.10553495888439,74.2884431499041,"Spring",3768,20.45,742.5,8.05225608311505,77.9134575225845,19.88,790.6,7.55610252907645,83.2753076648378,"M","NS"
NA,"in question",4,-102.9666667,36.9666667,1959,"Aimophila ruficeps","Aimophila_ruficeps",18,NA,12.1,369,9.41481746391229,78.0918794719204,"Spring",3794,12.2,427.5,9.46625018442091,86.2344454128744,12.46,369,9.3639474140198,99.2469612424356,"NS","NS"
NA,"female",4,-98.0852833,29.963,2012,"Aimophila ruficeps","Aimophila_ruficeps",20.2,NA,21.2,1120,6.40686185178663,81.6555971394755,"Spring",3791,21.3,839,7.16916244922561,78.8547448977098,20.56,788.6,7.3171278261081,86.4925988040788,"F","NS"
NA,"male",5,-98.6333333,29.6666667,1947,"Aimophila ruficeps eremoeca","Aimophila_ruficeps",21.3,NA,19.6,554,8.10446939919106,78.8261175234201,"Spring",3798,19.9,822.5,7.45293371419221,62.9212313620592,19.86,813.8,7.1876058531492,61.0111025614098,"M","NS"
NA,"female",11,-110.782458,31.799927,1952,"Aimophila ruficeps scotti","Aimophila_ruficeps",22,NA,15.7,593,7.63323574107258,83.4303395367426,"Fall",3488,15.75,638.5,7.32030640311639,87.1055038815071,15.84,549.6,7.06858711560579,111.631655468269,"F","NS"
NA,"undetermined",4,-103.6013,30.1139,1966,"Aimophila ruficeps eremoeca","Aimophila_ruficeps",19.3,149,15.5,475,7.55879479731252,119.94813229906,"Spring",3600,15.9,360.5,7.21773958199069,98.3063433336805,16.08,318.4,7.38198842658617,93.1856063312931,"NS","NS"
NA,"female",2,-108.5400333333,32.5224166667,2013,"Aimophila ruficeps","Aimophila_ruficeps",13.2,NA,14.3,332,8.12575404426437,122.413190441944,"Winter",3778,14.65,294,7.76926738816955,130.401784486474,14.54,326,7.85116110619574,111.518760450015,"F","NS"
NA,"male",4,-102.96361,36.97499,1969,"Aimophila ruficeps","Aimophila_ruficeps",22.7,NA,12.3,621,9.28840919934869,78.5214806957902,"Spring",3489,12.25,469.5,9.13972425480844,98.8389312348516,12.32,480,9.00472111309634,104.028089060405,"M","NS"
NA,"male",6,-96.6535833,16.9691121,1956,"Aimophila ruficeps australis","Aimophila_ruficeps",20.6,NA,16.6,885,1.07110817720374,120.759135459166,"Summer",3793,16.75,864,1.39087389411146,134.045731192497,16.96,798.2,1.39338180456481,118.694272364201,"M","NS"
NA,"female",7,-98.1557167,30.91685,2011,"Aimophila ruficeps","Aimophila_ruficeps",18.5,NA,20.8,487,8.56371839373953,63.6205575179294,"Summer",3771,19.95,622,8.45081008590066,76.1176546943995,19.24,756.8,7.89225299425173,79.8422535657468,"F","NS"
NA,"female",1,-117.6520729,34.1082513,2000,"Aimophila ruficeps canescens","Aimophila_ruficeps",18.9,NA,16.3,359,4.20302921063541,157.934905399137,"Winter",3608,16.05,279,4.199944754479,145.907045549459,16.66,459.4,4.48662166531059,150.644961581644,"F","NS"
NA,"female",11,-102.96361,36.96049,1957,"Aimophila ruficeps eremoeca","Aimophila_ruficeps",22.4,NA,12.3,443,8.77356566884038,85.0460675903705,"Fall",3605,12.8,344.5,9.20824683942066,96.6345657845768,13.1,316.8,9.22984227876702,105.053829686621,"F","NS"
NA,"female",5,-98.0852833,29.963,2011,"Aimophila ruficeps","Aimophila_ruficeps",18,NA,21.4,558,7.9314630466646,76.0538926559441,"Spring",3790,20.55,749,7.88392916092956,76.1560327458616,20.14,794.2,7.38624246106225,84.5606058230554,"F","NS"
NA,"male",8,-99.3964833,30.0431167,2010,"Aimophila ruficeps","Aimophila_ruficeps",19,NA,18.3,835,7.77963055132771,84.6001079798064,"Summer",3789,18.7,753,7.55712324299803,87.7166928199419,18.74,724.4,7.04728800375826,82.3296286916312,"M","NS"
NA,"female",2,-98.4852934,18.1090511,1966,"Aimophila ruficeps australis","Aimophila_ruficeps",20.1,NA,24.6,854,2.57380451801797,102.557796840269,"Winter",3799,24.65,886,2.49030652116772,103.900929937707,24.7,768,2.41899865491122,110.045718162453,"F","NS"
NA,"male",2,-108.5369333333,32.5171666667,2013,"Aimophila ruficeps","Aimophila_ruficeps",15.7,NA,14.3,333,8.12575404426437,122.882411603748,"Winter",3755,14.65,295,7.76354240046947,130.986306057505,14.54,326.8,7.84417231640841,111.737757494763,"M","NS"
NA,"male",12,-107.1565833333,34.0324666667,2013,"Aimophila ruficeps","Aimophila_ruficeps",21.5,NA,10.8,352,8.08549018397472,145.288650408572,"Winter",3618,11.4,303,7.81913456134065,128.224249605439,11.26,307.6,7.84421966903417,108.963607282345,"M","NS"
NA,"female",12,-107.1565833333,34.0324666667,2013,"Aimophila ruficeps","Aimophila_ruficeps",20.1,NA,10.8,352,8.08549018397472,145.288650408572,"Winter",3617,11.4,303,7.81913456134065,128.224249605439,11.26,307.6,7.84421966903417,108.963607282345,"F","NS"
NA,"male",9,-102.7465,37.0106667,2010,"Aimophila ruficeps","Aimophila_ruficeps",19,NA,13.8,356,9.90797046765274,101.133530106006,"Fall",3776,13.5,361,9.41631917946785,96.6581313539814,13.3,361.6,9.36449838520654,98.5636621494033,"M","NS"
NA,"male",3,-107.6018,32.0933166667,2013,"Aimophila ruficeps","Aimophila_ruficeps",21.6,NA,16,320,8.31017539836044,138.481004604832,"Spring",3615,16.4,277.5,7.95409823622879,140.856162748372,16.32,278.4,8.0979000317942,119.421353613228,"M","NS"
NA,"male",5,-106.5527833333,32.3477833333,2009,"Aimophila ruficeps","Aimophila_ruficeps",18.3,NA,14.6,466,7.07072496390232,105.941548827854,"Spring",3492,14.25,554,6.81679267180879,158.292118467853,14.24,578,6.89630864422701,129.240431090391,"M","NS"
NA,"male",9,-102.7465,37.0106667,2010,"Aimophila ruficeps","Aimophila_ruficeps",22,NA,13.8,356,9.90797046765274,101.133530106006,"Fall",3754,13.5,361,9.41631917946785,96.6581313539814,13.3,361.6,9.36449838520654,98.5636621494033,"M","NS"
NA,"male",4,-103.2877064,29.301295,1937,"Aimophila ruficeps eremoeca","Aimophila_ruficeps",20.4,NA,16.8,379,6.30653821382415,80.7619219575507,"Spring",3750,16.5,411,6.10226418484913,89.8202812252358,16.92,368,5.89128069621294,99.8904709250952,"M","NS"
NA,"female",7,-99.3955167,30.0416667,2011,"Aimophila ruficeps","Aimophila_ruficeps",19,NA,19.9,507,7.9562582571549,87.1695881738925,"Summer",3769,19.1,671,7.8679444042413,85.892046308463,18.8,725.8,7.29062906996271,90.7698651324891,"F","NS"
NA,"male",6,-104.653759,21.2838814,1956,"Aimophila ruficeps","Aimophila_ruficeps",17.5,NA,20.2,1085,2.47109042302945,127.02708319189,"Summer",3774,19.95,1038.5,2.53621520203593,137.560466953803,20.26,973,2.28607393394814,138.145397087339,"M","NS"
NA,"female",8,-110.664988,31.89928,1970,"Aimophila ruficeps scotii","Aimophila_ruficeps",18.5,NA,16.6,438,6.96589092389741,121.800915039744,"Summer",3607,16.75,412,6.94414817811895,118.46111809967,16.76,477.4,6.81454863498735,108.839785521892,"F","NS"
NA,"male",6,-102.7446167,37.0119,2010,"Aimophila ruficeps","Aimophila_ruficeps",22.4,NA,13.8,355,9.90797046765274,100.786397713026,"Summer",3753,13.5,360.5,9.41631917946785,96.4845651574915,13.3,361.4,9.36670454885232,98.5831587730422,"M","NS"
NA,"female",4,-102.9666667,36.9666667,1959,"Aimophila ruficeps eremoeca","Aimophila_ruficeps",19,NA,12.1,369,9.41481746391229,78.0918794719204,"Spring",3796,12.2,427.5,9.46625018442091,86.2344454128744,12.46,369,9.3639474140198,99.2469612424356,"F","NS"
NA,"undetermined",11,-109.0487,31.5058666667,2013,"Aimophila ruficeps","Aimophila_ruficeps",19.9,NA,15.4,432,7.49587260167928,119.106286650373,"Fall",3616,15.7,393,7.10307708729998,142.875871488335,15.58,420.2,7.19930728094665,116.99460559437,"NS","NS"
NA,"male",5,-117.9303789,34.1878433,1999,"Aimophila ruficeps canescens","Aimophila_ruficeps",16.8,NA,15.3,290,4.404027082734,126.749632076731,"Spring",3490,15.2,660.5,4.58342434680197,149.875562833743,16.48,721,4.7417280335264,153.954984609241,"M","NS"
NA,"female",3,-99.3955167,30.0416667,2012,"Aimophila ruficeps","Aimophila_ruficeps",23.8,NA,19.8,821,6.6762071885347,81.6878886124675,"Spring",3772,19.85,664,7.3162327228448,84.42873839318,19.2,654.2,7.29677990948538,89.7684408772538,"F","NS"
NA,"female",11,-108.5016166667,33.0706333333,2012,"Aimophila ruficeps","Aimophila_ruficeps",18.3,NA,15.2,304,7.51509087829887,142.765398426853,"Fall",3614,14.85,386.5,8.01345710304814,137.697677026008,14.64,435.8,7.73040202640679,116.410480423495,"F","NS"
NA,"female",8,-99.3955167,30.0416667,2011,"Aimophila ruficeps","Aimophila_ruficeps",18.7,NA,19.9,507,7.9562582571549,87.1695881738925,"Summer",3770,19.1,671,7.8679444042413,85.892046308463,18.8,725.8,7.29062906996271,90.7698651324891,"F","NS"
NA,"undetermined",8,-98.0494333,30.3588167,2010,"Aimophila ruficeps","Aimophila_ruficeps",20.5,NA,19.9,875,8.09528014376653,84.7733655361892,"Summer",3792,20.05,872.5,7.84635147620623,87.7384318939673,19.84,781.8,7.39563302806382,80.0532450800176,"NS","NS"
NA,"female",6,-117.5236701,34.1068299,2000,"Aimophila ruficeps canescens","Aimophila_ruficeps",15.5,NA,16.8,315,4.48245738880184,163.504853003958,"Summer",3609,16.5,246,4.41954382729189,150.094181066665,17.06,408.6,4.70605904347018,155.797348602444,"F","NS"
NA,"undetermined",7,-102.74638888,37.012222222,1995,"Aimophila ruficeps","Aimophila_ruficeps",16.3,151,13,347,8.30167927517552,101.974468830565,"Summer",3487,13.2,392,8.72485012836027,94.9210483336911,12.56,393.8,8.78642258286605,90.4733371200722,"NS","NS"
NA,"male",5,-103.8273376,30.3849235,1968,"Aimophila ruficeps eremoeca","Aimophila_ruficeps",20.5,NA,14.3,582,6.60873503689464,84.8778240899149,"Spring",3589,14.65,498.5,6.49247277886692,103.983881905975,14.92,415.6,6.87959120074473,104.320218370664,"M","NS"
NA,"female",4,-103.5179634,30.2476568,1935,"Aimophila ruficeps eremoeca","Aimophila_ruficeps",21.3,NA,14.8,475,5.75201545705345,89.3016433011522,"Spring",3749,15,375,6.11248015817583,105.624439869505,14.54,467,6.30766951602931,111.135442573637,"F","NS"
NA,"male",3,-103.9122522,30.6035529,1937,"Aimophila ruficeps scottii","Aimophila_ruficeps",20,NA,15.5,394,7.03611893709662,70.9808670830714,"Spring",3601,15.25,431.5,6.7074832789605,91.6724256149687,15.66,341.4,6.5065856773986,99.0608878689014,"M","NS"
NA,"male",4,-103.5179634,30.2476568,1935,"Aimophila ruficeps eremoeca","Aimophila_ruficeps",19.9,NA,14.8,475,5.75201545705345,89.3016433011522,"Spring",3748,15,375,6.11248015817583,105.624439869505,14.54,467,6.30766951602931,111.135442573637,"M","NS"
