"lifestage","sex","month","decimallongitude","decimallatitude","year","scientificname","sciname_cor","massing","lengthinmm","bio1","bio12","bio4","bio15","seasonality","Ids","bio1_2yr","bio12_2yr","bio4_2yr","bio15_2yr","bio1_5yr","bio12_5yr","bio4_5yr","bio15_5yr","sex_cor","lifestage_cor"
"?","undetermined",7,-76.437397,42.530107,2007,"Archilochus colubris","Archilochus_colubris",3.1,NA,8.3,1021,10.3706279579601,29.7607271101113,"Summer",6211,8.7,1100.5,9.49009241976448,40.3505829894069,8.06,1123.8,10.0474760281085,43.4442924239117,"NS","NS"
"ad.","male",6,-76.33263,42.227486,1997,"Archilochus colubris","Archilochus_colubris",2.79999995231628,NA,7.3,791,8.97531969549629,43.918015127724,"Summer",6210,7.4,1014.5,9.47391937678482,37.6877503905075,7.66,1001.6,10.0293648098966,45.6800157788107,"M","Adult"
"ad.","female",6,-76.33263,42.227486,1997,"Archilochus colubris","Archilochus_colubris",3.59999990463257,NA,7.3,791,8.97531969549629,43.918015127724,"Summer",6207,7.4,1014.5,9.47391937678482,37.6877503905075,7.66,1001.6,10.0293648098966,45.6800157788107,"F","Adult"
"ad.","female",6,-76.33263,42.227486,1997,"Archilochus colubris","Archilochus_colubris",3.40000009536743,NA,7.3,791,8.97531969549629,43.918015127724,"Summer",6145,7.4,1014.5,9.47391937678482,37.6877503905075,7.66,1001.6,10.0293648098966,45.6800157788107,"F","Adult"
"ad.","male",6,-76.33263,42.227486,1997,"Archilochus colubris","Archilochus_colubris",2.5,NA,7.3,791,8.97531969549629,43.918015127724,"Summer",6208,7.4,1014.5,9.47391937678482,37.6877503905075,7.66,1001.6,10.0293648098966,45.6800157788107,"M","Adult"
"ad.","male",6,-76.33263,42.227486,1997,"Archilochus colubris","Archilochus_colubris",2.70000004768372,NA,7.3,791,8.97531969549629,43.918015127724,"Summer",6209,7.4,1014.5,9.47391937678482,37.6877503905075,7.66,1001.6,10.0293648098966,45.6800157788107,"M","Adult"
"adult","female",8,-83.6880112,42.6119803,1934,"Archilochus colubris","Archilochus_colubris",3.2,NA,8.8,457,11.5967341275138,52.2805267233165,"Summer",6012,9.1,518.5,11.0661651777413,49.1035992200146,9.12,607.8,10.3696401982562,48.7763697352203,"F","Adult"
"adult","female",6,-72.342378,41.314837,2013,"Archilochus colubris","Archilochus_colubris",2.6,NA,11.3,1191,9.0793305052874,66.2394818549536,"Summer",6253,12,1219.5,8.64471341978443,57.4206121413701,11.78,1300.4,8.97661031765749,52.4275568829902,"F","Adult"
"adult","female",5,-86.965319,46.014536,2005,"Archilochus colubris","Archilochus_colubris",3.6,NA,7,754,10.8396438496788,46.9215708612897,"Spring",5976,6.5,838.5,10.4534136300282,43.2682141131096,6.64,849.8,10.2705140961263,44.4914965383687,"F","Adult"
"adult","female",5,-86.9333333,45.7,2010,"Archilochus colubris","Archilochus_colubris",2.96,NA,6.4,787,10.1702626526675,84.6253669631034,"Spring",6235,5.35,722,10.2878167488882,70.3584511786103,5.56,677.2,10.3230722563053,57.2857456812164,"F","Adult"
"adult","female",6,-83.7263412,42.2708397,1999,"Archilochus colubris","Archilochus_colubris",3,NA,10.2,871,9.96574435785208,44.628272107928,"Summer",5972,10.85,907,9.43797437820953,51.1190318964534,9.9,889.2,9.93961670183553,44.7055171354585,"F","Adult"
"adult","female",7,-78.26458,45.54172,1972,"Archilochus colubris","Archilochus_colubris",2.6,NA,2.6,1022,11.4325790457081,22.0369262925795,"Summer",6219,3.2,928,11.5762590128977,30.7125168894469,3.46,914.6,11.5525706404636,36.8648197232121,"F","Adult"
"adult","male",6,-77.36476,45.81491,2001,"Archilochus colubris","Archilochus_colubris",3,NA,6.3,834,11.2983607016883,37.0333702880199,"Summer",6056,5.45,850,11.2950205331055,34.1683423032316,5.92,857.4,11.1421170253893,35.776046839245,"M","Adult"
"adult","male",7,-86.965319,46.014536,2005,"Archilochus colubris","Archilochus_colubris",2,NA,7,754,10.8396438496788,46.9215708612897,"Summer",5984,6.5,838.5,10.4534136300282,43.2682141131096,6.64,849.8,10.2705140961263,44.4914965383687,"M","Adult"
"adult","male",7,-85.2739691,42.0092862,2010,"Archilochus colubris","Archilochus_colubris",2.12,NA,10.8,919,10.6678787190161,67.9853476557945,"Summer",6096,10.05,1018,10.2235077236767,57.6238194521901,10.04,1043.4,10.0242108293235,52.7210423052962,"M","Adult"
"adult","male",5,-80.49858,43.45847,2002,"Archilochus colubris","Archilochus_colubris",2.9,NA,7.4,917,9.43141109015587,23.5051739008204,"Spring",6163,7.6,866.5,9.39906381633689,32.0038398291391,7.8,876,9.47455711732322,37.9958827703975,"M","Adult"
"adult","female",5,-79.268383,41.7740252,1974,"Archilochus colubris","Archilochus_colubris",3.5,NA,7,1064,8.69839326856089,32.2145774423519,"Spring",6046,7.55,1052.5,8.95887642004352,28.4053907650976,7.2,1130.4,9.50913957734003,35.5636445457064,"F","Adult"
"adult","female",7,-72.9975,41.4217,2012,"Archilochus colubris","Archilochus_colubris",3.2,NA,11.6,1347,8.42787582425672,50.8811761329315,"Summer",6192,11.15,1503.5,9.00789520388134,50.6601603234333,10.62,1396.2,9.14406597327742,46.9267681762861,"F","Adult"
"adult","male",8,-83.661747,42.5414454,2003,"Archilochus colubris","Archilochus_colubris",2.3,NA,8.5,784,10.2272215486935,43.3330452371313,"Summer",5980,9.1,723,10.0862232667897,38.0806816339692,9.18,809.6,9.96211548719821,43.9602291400891,"M","Adult"
"adult","female",5,-83.75,42.2833333,1994,"Archilochus colubris","Archilochus_colubris",3.66,NA,9.9,837,10.4627912145851,39.7336137297117,"Spring",6233,9.4,842.5,10.2432508707472,43.0806546896503,9.72,917.8,9.56366222442493,41.6451690498097,"F","Adult"
"adult","male",6,-85.5156898,42.1720552,2003,"Archilochus colubris","Archilochus_colubris",1.6,NA,8.8,930,10.1307363099539,50.2383490737927,"Summer",6089,9.4,853.5,9.97418829341298,45.0177370421424,9.7,924.4,9.85678610971414,49.1480820004219,"M","Adult"
"adult","female",8,-79.25011,43.77661,2003,"Archilochus colubris","Archilochus_colubris",3,NA,7,824,10.5283024042412,39.1141497661034,"Summer",6059,7.7,797.5,10.0788068586457,33.7312903160647,8.1,772.4,9.95046264080291,41.2278855422104,"F","Adult"
"adult","female",3,-88.5784142,20.6689352,1936,"Archilochus colubris","Archilochus_colubris",3.5,NA,25.8,1372,1.76710257629587,60.9052551150767,"Spring",6243,25.8,1129,2.12695814274566,72.2511252168267,25.78,1166,2.00874438405313,79.9046817204932,"F","Adult"
"adult","male",6,-84.2134666,42.3140045,2013,"Archilochus colubris","Archilochus_colubris",1.7,NA,9,947,10.2669224682812,52.8117099249291,"Summer",5993,10.05,845.5,9.75839980867127,46.5199166856175,9.8,902.2,10.1485842663691,48.0511002046604,"M","Adult"
"adult","female",6,-73.23274082,41.47453279,2010,"Archilochus colubris","Archilochus_colubris",3.49,NA,11.3,1310,9.99248202248555,49.9065729571622,"Summer",6119,10.55,1289.5,9.56950612359727,49.8653763757099,10.78,1335.2,9.33112884577332,46.7006109116464,"F","Adult"
"adult","female",7,-79.59148,43.83181,1984,"Archilochus colubris","Archilochus_colubris",2.5,NA,7.4,746,9.89531186823826,25.5062136791068,"Summer",6254,7.55,779,9.98918047506603,32.3815722138363,7.14,822,10.0727790804184,41.5598927242507,"F","Adult"
"adult","female",8,-85.5156898,42.1720552,2012,"Archilochus colubris","Archilochus_colubris",3.2,NA,11.6,840,9.22438714396887,42.5044313385722,"Summer",6124,10.95,1011.5,9.79537587515289,38.4686305414434,10.28,1043.2,10.0901782142203,49.016720594328,"F","Adult"
"adult","male",6,-71.588289,42.666335,2004,"Archilochus colubris","Archilochus_colubris",2.1,26,8.6,1242,9.8003710504895,56.798027750132,"Summer",5926,8.35,1286.5,10.1432978903126,45.9418890645733,8.7,1217,9.64049796910093,45.5556166823266,"M","Adult"
"adult","female",8,-82.6959801,36.7248513,1976,NA,"Archilochus_colubris",2.8,NA,12.2,1139,7.83842033405541,40.0654211923584,"Summer",6117,13.05,1324.5,7.74575966502274,44.5421454740547,13.12,1454.4,7.53110144358836,39.9548353354812,"F","Adult"
"adult","male",5,-72.5061,41.433819,2013,"Archilochus colubris","Archilochus_colubris",2.5,NA,9.7,1249,9.40661839860477,60.8891212854077,"Spring",6252,10.45,1279,8.95549892040403,52.8833428837561,10.2,1361.2,9.27963548597842,49.3543395707468,"M","Adult"
"adult","male",5,-84.0377778,42.1502778,2004,"Archilochus colubris","Archilochus_colubris",2.1,NA,9.4,858,9.97446360675221,63.7541122107411,"Spring",6177,9.15,881,10.068048368624,55.2957252095066,9.62,890.8,9.91013395825625,50.488512916917,"M","Adult"
"adult","male",6,-94.992,35.231,1982,"Archilochus colubris","Archilochus_colubris",2.1,NA,16.6,1170,8.87002101053164,63.0383296429876,"Summer",5929,16.65,1143,8.73457884159772,67.6262835773271,16.32,1006.4,9.60749173297439,65.8682857298114,"M","Adult"
"adult","male",83,-83.672384,42.794253,1981,"Archilochus colubris","Archilochus_colubris",3.3,NA,8.1,854,9.92465555466727,64.8330047398353,"Winter",6131,7.8,836.5,10.2440913573466,58.368899789084,7.88,746,10.7914230701881,50.2697127822851,"M","Adult"
"adult","male",5,-80.33587,43.39164,1974,"Archilochus colubris","Archilochus_colubris",3,NA,6.8,871,9.48870141512813,37.2910902735916,"Spring",6048,7.35,894.5,9.7236012140219,40.4099710716748,6.96,877,10.0675361568645,35.4263546827562,"M","Adult"
"adult","male",6,-78.39246,45.81601,1991,"Archilochus colubris","Archilochus_colubris",2.2,NA,4.3,994,11.2283832722744,33.5227099428926,"Summer",6049,4.3,1051.5,10.7838345960845,34.6574230715612,3.92,979.2,11.3503997444278,31.9268046268805,"M","Adult"
"adult","female",6,-88.5997238,47.130127,1998,"Archilochus colubris","Archilochus_colubris",3.2,NA,7.2,804,9.51239621852359,33.8381613395661,"Summer",6075,6,783,9.8599177866593,43.845032919597,5.12,835.2,10.7121797058473,39.7605233110992,"F","Adult"
"adult","male",5,-79.65283,43.90356,1972,"Archilochus colubris","Archilochus_colubris",2.4,NA,6,877,10.2126036213726,26.4710609629559,"Spring",5933,6.45,807.5,10.3187632050641,35.4225483643308,6.58,798.6,10.4512282203338,37.8603588799625,"M","Adult"
"adult","male",5,-79.25011,43.77661,2003,"Archilochus colubris","Archilochus_colubris",3.1,NA,7,824,10.5283024042412,39.1141497661034,"Spring",6054,7.7,797.5,10.0788068586457,33.7312903160647,8.1,772.4,9.95046264080291,41.2278855422104,"M","Adult"
"adult","female",6,-83.6649227,42.5412557,2004,"Archilochus colubris","Archilochus_colubris",3,NA,8.8,807,10.0618503931103,60.1583761404318,"Summer",5977,8.65,795,10.1482068938723,51.7457106887815,9.08,809.8,9.98133939663285,46.8317941852418,"F","Adult"
"adult","male",5,-80.35726,43.39524,1974,"Archilochus colubris","Archilochus_colubris",3.3,NA,6.9,870,9.46826837709019,37.0924690378427,"Spring",5935,7.45,892,9.7010398163129,40.4506312148005,7.02,873.8,10.0497439422487,35.4153149264458,"M","Adult"
"adult","male",6,-83.7263412,42.2708397,2007,"Archilochus colubris","Archilochus_colubris",2.7,NA,10.1,902,10.7183643030704,44.0536255680916,"Summer",5986,10.35,1025,9.75278976701338,35.6345334112978,9.92,924,10.1316314147872,46.0456514962755,"M","Adult"
"adult","male",5,-88.6438322,47.1756972,2006,"Archilochus colubris","Archilochus_colubris",2.8,NA,7.6,697,9.38998499369505,39.2505459075252,"Spring",6093,7.2,735.5,10.0216887695684,42.1107527327568,6.4,767.4,10.1683413098316,43.1081422635062,"M","Adult"
"adult","male",3,-88.6300853,20.6822745,1936,"Archilochus colubris","Archilochus_colubris",3.1,NA,25.8,1339,1.76590177838664,61.4581401570049,"Spring",6186,25.85,1102.5,2.13301149378476,72.7747671360868,25.82,1136.6,2.01999027412978,80.1157242587547,"M","Adult"
"adult","male",6,-73.13822227,41.30609804,2010,"Archilochus colubris","Archilochus_colubris",2.58,NA,11.7,1330,9.85265308063126,54.4045673859635,"Summer",6018,11,1272.5,9.40181534043568,50.1988049363742,11.28,1320,9.13813243332392,46.297117649155,"M","Adult"
"adult","male",8,-83.7263412,42.2708397,2006,"Archilochus colubris","Archilochus_colubris",2.3,NA,10.6,1148,8.78721523095636,27.2154412545039,"Summer",6082,10.25,991,9.87277615448003,42.3413374023017,10.04,895.2,9.96799451956423,43.371010104082,"M","Adult"
"adult","male",6,-76.69664,44.48616,2001,"Archilochus colubris","Archilochus_colubris",2.1,NA,7.9,810,10.2601907950834,36.0372409870071,"Summer",5953,7.05,905,10.3043963311477,30.6467276719009,7.56,870.4,10.1504389244731,36.9362829232632,"M","Adult"
"adult","female",5,-79.380261,43.648655,1995,"Archilochus colubris","Archilochus_colubris",3.5,NA,8.1,842,10.6806643477403,42.8300756341076,"Spring",5943,7.9,799,10.8210836153822,37.2651337699348,7.98,816.6,10.2098653008834,38.9774209788817,"F","Adult"
"adult","male",5,-77.0773315,40.3229905,1974,"Archilochus colubris","Archilochus_colubris",2.6,NA,11.4,1084,8.76266183441096,39.5946623481321,"Spring",6045,11.55,1118.5,8.89298879632063,43.4310726470277,11.14,1144.2,9.31879580997078,45.9183421236174,"M","Adult"
"adult","female",6,-88.6806107,47.0943186,1997,"Archilochus colubris","Archilochus_colubris",2.64,NA,4.5,756,10.2654170825538,54.4103548827489,"Summer",6083,3.95,916.5,10.8106496427251,48.3459191566673,4.2,823.6,10.9035204811052,42.5337652047145,"F","Adult"
"adult","male",7,-83.8666667,41.8333333,2011,"Archilochus colubris","Archilochus_colubris",1.89,NA,10.5,1196,10.4646012245034,45.9348903984584,"Summer",6258,10.7,1049,10.6692881359943,54.3398613274802,10.2,1015.4,10.4823293701159,48.6907885944725,"M","Adult"
"adult","male",6,-73.13822227,41.30609804,2010,"Archilochus colubris","Archilochus_colubris",2.71,NA,11.7,1330,9.85265308063126,54.4045673859635,"Summer",6017,11,1272.5,9.40181534043568,50.1988049363742,11.28,1320,9.13813243332392,46.297117649155,"M","Adult"
"adult","male",6,-72.9975,41.4217,2010,"Archilochus colubris","Archilochus_colubris",2.6,NA,11,1302,9.79670631107489,50.0071908941452,"Summer",6196,10.25,1268.5,9.3780273692059,48.1233279343154,10.48,1317.6,9.13711616288514,46.243037402285,"M","Adult"
"adult","male",5,-83.7263412,42.2708397,1955,"Archilochus colubris","Archilochus_colubris",3.21,NA,10.1,635,10.9436123613344,52.1311958502556,"Spring",6065,9.8,728,10.2652676363663,57.9834532003491,9.9,722,9.9256064384407,48.3692407952193,"M","Adult"
"adult","male",6,-73.13822227,41.30609804,2010,"Archilochus colubris","Archilochus_colubris",2.78,NA,11.7,1330,9.85265308063126,54.4045673859635,"Summer",6121,11,1272.5,9.40181534043568,50.1988049363742,11.28,1320,9.13813243332392,46.297117649155,"M","Adult"
"adult","male",9,-84.6637421,45.5634117,2005,"Archilochus colubris","Archilochus_colubris",2.4,NA,7.5,774,11.022153999463,47.2769301668912,"Fall",5975,6.9,818.5,10.5429752498952,41.4938040976769,7.1,882.2,10.2919221954993,47.5953656557938,"M","Adult"
"adult","male",6,-71.54859,43.46083,1999,"Archilochus colubris","Archilochus_colubris",2,77,8.2,1088,9.87379068160969,59.0355257547641,"Summer",6200,8.45,1097,9.32466026848796,54.178738756384,7.74,1139.8,9.65132440164489,50.0738540707303,"M","Adult"
"adult","male",6,-79.55855,45.90451,1998,"Archilochus colubris","Archilochus_colubris",2.2,NA,6.5,943,10.1037759218417,45.4351940597328,"Summer",5946,5.1,948.5,10.7325569356104,40.0987924155864,4.44,1013.2,11.3961860242046,41.9905085938121,"M","Adult"
"adult","male",7,-73.13822227,41.30609804,2012,"Archilochus colubris","Archilochus_colubris",2.68,NA,12.4,1358,8.45441878367147,52.5646144417744,"Summer",6020,11.95,1501,9.01893205290514,51.2985884459441,11.4,1390.8,9.15508801917747,47.5149652676918,"M","Adult"
"adult","female",5,-85.2872085,42.2824207,2011,"Archilochus colubris","Archilochus_colubris",3.6,NA,10.1,1144,10.3733450669872,34.8868670927525,"Spring",5990,10.4,1016.5,10.4767289575497,48.9959770703905,9.92,1030.6,10.3770775926972,50.5212701432746,"F","Adult"
"adult","male",6,-84.147833,42.376715,2013,"Archilochus colubris","Archilochus_colubris",2.6,NA,9,939,10.3087304864578,54.1645985463757,"Summer",5995,10.05,832,9.78361186038209,47.2340810876345,9.74,893.2,10.1795656195763,48.5166099674625,"M","Adult"
"adult","female",7,-83.8365402,42.2116394,2003,"Archilochus colubris","Archilochus_colubris",2.8,NA,9.1,891,10.1289376929606,40.4659535415222,"Summer",6123,9.85,821,10.0025091889889,35.4469431620045,9.92,891.2,9.88907127692198,44.4467057176165,"F","Adult"
"adult","male",5,-83.793025,42.2783089,2008,"Archilochus colubris","Archilochus_colubris",3.35,NA,9.3,1009,10.3146372899992,46.4461596766461,"Spring",6092,9.65,956.5,10.5251150864049,45.301079928806,9.82,946.8,10.1676114832187,47.619609684595,"M","Adult"
"adult","male",6,-80.33587,43.39164,1977,"Archilochus colubris","Archilochus_colubris",2.4,NA,7,1013,10.5164049335917,47.7643457292558,"Summer",5940,6.7,988.5,10.3250211447388,41.559007971241,7.14,942,9.98741281974333,39.0352048304346,"M","Adult"
"adult","male",7,-85.2388039,42.2894688,2008,"Archilochus colubris","Archilochus_colubris",2.1,NA,9.3,1144,10.3146372899992,55.4937899028653,"Summer",6104,9.75,1007.5,10.515758603409,52.6553317502282,9.8,984.4,10.1042473280479,50.9058457811163,"M","Adult"
"adult","male",8,-79.252264,43.77702,2003,"Archilochus colubris","Archilochus_colubris",4,NA,7,825,10.5434885837256,39.1141497661034,"Summer",6058,7.7,798,10.0963262332429,33.7312903160647,8.06,772.8,9.96314488216889,41.2672474279027,"M","Adult"
"adult","male",5,-79.71593,43.46917,1974,"Archilochus colubris","Archilochus_colubris",4.1,NA,7.6,803,9.60076938204812,46.8709431910646,"Spring",5937,8.1,839,9.84597044552876,45.442605885068,7.76,826.8,10.193082626755,37.6048990397141,"M","Adult"
"adult","male",5,-79.408223,43.753659,1997,"Archilochus colubris","Archilochus_colubris",2.5,NA,7.2,698,9.60212650059003,32.827836209738,"Spring",5944,7.05,836,10.0209915558517,37.9782261632408,7.18,821.8,10.4360735605262,38.3806362993743,"M","Adult"
"adult","male",5,-85.608808,43.627664,2013,"Archilochus colubris","Archilochus_colubris",2.7,NA,7.2,1055,10.4123287937469,40.3369076120428,"Spring",5994,8.35,959,9.80420416366209,42.0508917760022,8.1,946.4,10.032074283098,43.6995573187613,"M","Adult"
"adult","male",5,-83.3977317,42.1635306,2008,"Archilochus colubris","Archilochus_colubris",2.49,NA,9.2,929,10.2059808668518,48.3799095883748,"Spring",6111,9.6,901.5,10.3551094141687,49.4477398825499,9.84,892,10.0375657555594,48.6692057894883,"M","Adult"
"adult","male",9,-83.9449387,42.0039444,2003,"Archilochus colubris","Archilochus_colubris",3.3,NA,9.3,941,10.1137170579008,44.3974331913471,"Fall",5974,10.1,858,9.9829236345131,36.676750675492,10.16,906,9.87867754275664,46.021362691602,"M","Adult"
"adult","male",5,-83.7833333,42.1666667,2011,"Archilochus colubris","Archilochus_colubris",2.3,NA,10.3,1094,10.5603747637816,49.5292649560583,"Spring",6178,10.5,1008,10.7192906808703,59.5553153511085,9.94,981.4,10.4899857376147,50.8892524108158,"M","Adult"
"adult","male",5,-83.2455292,42.5836334,2002,"Archilochus colubris","Archilochus_colubris",2.8,NA,10,635,10.0017271235795,45.6460576045797,"Spring",6077,10.05,744.5,9.72706991733026,53.7419417279348,10.12,782.2,9.75536737621113,49.1427734905659,"M","Adult"
"ASY","female",7,-92.11694,37.70472,2005,"Archilochus colubris","Archilochus_colubris",1.1,72,14,1012,9.24627279535168,60.5157935210307,"Summer",6204,13.8,1101,8.83621128426402,57.9903628379475,13.52,1093.2,8.99923997941166,55.0818158496846,"F","NS"
"imm.","male",8,-76.47155,42.4505,2008,"Archilochus colubris","Archilochus_colubris",2.3,NA,8.6,1035,9.44210428523925,38.4175616544909,"Summer",6150,8.75,995,9.87113304813298,33.6614222305495,8.8,1055.6,9.82645294896294,44.8681938639486,"M","Juvenile"
"imm.","male",10,-76.5095,42.4381,1949,"Archilochus colubris","Archilochus_colubris",3.40000009536743,NA,10.8,727,9.43864958882393,38.6913357749824,"Fall",5911,10.05,807,9.77825030016191,38.2981296878389,9.78,892.2,9.77926803445609,46.2571821806097,"M","Juvenile"
"Imm.","male",9,-97.08193,16.12082,1964,"Archilochus colubris","Archilochus_colubris",2.4,NA,21.7,1185,1.44620716064994,123.117650247716,"Fall",6139,21.7,1001.5,1.49308980609708,133.52551318294,21.68,1428.8,1.32317668689347,135.374620334924,"M","Juvenile"
"immature","male",8,-79.53666,44.31313,1966,"Archilochus colubris","Archilochus_colubris",2.4,82,6.3,771,10.1073330714972,47.0416932963504,"Summer",6164,6.1,837,9.88977402070596,41.6348072051487,6.24,759.8,10.1839174400049,40.8978528447952,"M","Juvenile"
"immature","in question",9,-83.8885498,42.3383369,2011,"Archilochus colubris","Archilochus_colubris",2.9,NA,10,1049,10.5922033934056,47.7014848695139,"Fall",6004,10.2,954.5,10.7259208102701,57.4698600844596,9.64,943.8,10.5042088871741,50.2206489354254,"NS","Juvenile"
"immature","male",9,-77.2878957,38.9660325,1969,"Archilochus colubris","Archilochus_colubris",3.3,NA,12.4,1036,9.49080495995354,62.0693284642199,"Fall",6031,12.55,991.5,9.4735099237644,56.7061364672197,12.4,947.2,9.14497084250056,58.2202430714759,"M","Juvenile"
"immature","male",5,-95.2798841,38.9041998,1958,"Archilochus colubris","Archilochus_colubris",2.1,NA,12,1150,10.3620227345589,79.3503091278608,"Spring",6030,12.35,1088,10.2665002296895,72.9484146569556,13.04,887.2,10.5085326387048,73.7800070593658,"M","Juvenile"
"immature","male",9,-79.394728,43.66727,1967,"Archilochus colubris","Archilochus_colubris",2.9,90,7.2,808,9.84179399758546,43.6253451881546,"Fall",6038,7.35,773,9.94998662060723,46.5475835271941,7.38,742,10.0136759609211,44.3361985529554,"M","Juvenile"
"immature","male",9,-83.7263412,42.2708397,1956,"Archilochus colubris","Archilochus_colubris",3.2,NA,9.4,705,9.67381658254524,61.8738767305599,"Fall",6067,9.75,670,10.3087144719398,57.0025362904077,10,687,9.88712446616861,53.117990080624,"M","Juvenile"
"immature","female",9,-83.4833333,42.2,2012,"Archilochus colubris","Archilochus_colubris",2.4,NA,11.3,665,9.05128067282094,40.9903159847583,"Fall",6181,10.65,869.5,9.77974947867122,48.7495285346886,9.94,885,10.1136572627674,51.912050723594,"F","Juvenile"
"immature","male",8,-97.018075,37.2403736,1995,"Archilochus colubris","Archilochus_colubris",3,NA,14.6,980,9.134400512747,85.8420345979505,"Summer",6032,14.75,903,9.23996142828214,85.2446892370494,14.54,909.6,9.25454647802425,79.7354487778209,"M","Juvenile"
"immature","female",8,-82.596161,42.66588,2013,"Archilochus colubris","Archilochus_colubris",3.06,NA,9.1,933,9.89122659918191,46.3825988644757,"Summer",6103,10.1,805,9.38645337845674,41.5905644359433,9.72,846.6,9.92376558489696,43.7775361306722,"F","Juvenile"
"immature","female",9,-79.372722,43.73418,1942,"Archilochus colubris","Archilochus_colubris",3,NA,7.5,906,10.3745719152282,41.8134046796175,"Fall",5950,7.65,796.5,10.4952702237642,40.7145208224671,7.36,766.2,10.4204876292266,38.4768573257646,"F","Juvenile"
"immature","female",8,-83.567525,42.185701,2007,"Archilochus colubris","Archilochus_colubris",2.4,NA,10,878,10.571183672722,47.5380479728902,"Summer",6009,10.25,985.5,9.63441612888797,37.5142757911122,9.82,893.8,10.0247363155377,47.44457294671,"F","Juvenile"
"immature","male",9,-83.4655,41.7862,1936,"Archilochus colubris","Archilochus_colubris",3.5,NA,9.5,722,11.607508019564,46.9757777929966,"Fall",6240,9.45,686,10.942958272559,42.7492387066424,9.96,695,10.7281660177528,47.5355017855943,"M","Juvenile"
"immature","undetermined",9,-79.63024,43.51111,1984,"Archilochus colubris","Archilochus_colubris",3.2,NA,7.9,804,9.98542877791374,32.7430912091389,"Fall",5942,8.05,828.5,10.0357789334576,32.1808091471809,7.7,837.6,10.0950695069711,37.0601745941802,"NS","Juvenile"
"immature","male",8,-83.5381508,45.9521045,1938,"Archilochus colubris","Archilochus_colubris",2.7,NA,6.1,771,10.6530512061099,23.9649081199143,"Summer",5959,5.9,759,10.6780104578887,44.4688236581159,5.08,713.4,11.125701589632,47.7556324695464,"M","Juvenile"
"immature","male",9,-83.7833333,42.1666667,2013,"Archilochus colubris","Archilochus_colubris",4.1,NA,9.6,944,10.2603790762271,53.716452551169,"Fall",6180,10.55,819,9.70562419208111,46.0308120818625,10.24,928.2,10.1813065242923,50.9728446302993,"M","Juvenile"
"immature","female",9,-79.251966,43.777483,2001,"Archilochus colubris","Archilochus_colubris",3.5,NA,8.7,721,9.7159974300432,37.1379310227833,"Fall",6053,8.05,765,9.78676400388729,47.3791645386885,8.38,740.4,9.64814608681859,41.5565571023364,"F","Juvenile"
"immature","male",8,-83.7203693,42.9075314,2008,"Archilochus colubris","Archilochus_colubris",2.8,NA,8.5,920,10.0865759874952,47.9549109415959,"Summer",5988,8.85,877,10.3345525931233,44.7411571829999,8.94,870.4,10.0490850004767,45.7565069037876,"M","Juvenile"
"immature","male",9,-83.7218,42.2901,2007,"Archilochus colubris","Archilochus_colubris",2.7,NA,10.2,902,10.7028847711373,43.8779992201056,"Fall",6179,10.45,1023.5,9.74200345622369,35.4765899499561,10.02,922.4,10.1227948127931,45.794824447351,"M","Juvenile"
"immature","female",8,-79.379136,43.646012,1998,"Archilochus colubris","Archilochus_colubris",3.2,NA,10.2,714,9.06685605862797,40.0984174453289,"Summer",5945,8.95,706.5,9.31009955968855,35.898426829186,8.22,795.2,10.1372310860624,38.0594709475575,"F","Juvenile"
"immature","female",9,-83.7833333,42.5333333,2012,"Archilochus colubris","Archilochus_colubris",2.77,NA,10.8,642,9.1631012349763,38.1095969441941,"Fall",6183,10.15,811.5,9.90966359290335,43.8443106714898,9.44,853.6,10.1884455430791,48.2118598581216,"F","Juvenile"
"immature","male",9,-83.9650022,42.0065289,2011,"Archilochus colubris","Archilochus_colubris",1.6,NA,10.3,1166,10.5041838706241,44.0489341757037,"Fall",6185,10.5,1031,10.701826082289,54.338123355892,10,1004.2,10.5094575393331,48.4948493845141,"M","Juvenile"
"immature","female",8,-83.7048339,41.77336,1935,"Archilochus colubris","Archilochus_colubris",3.3,NA,9,652,10.2880741490801,37.7705087022108,"Summer",6013,9.3,605,10.9804756419813,50.652949622217,9.96,706,10.3387876626354,47.6106578935675,"F","Juvenile"
"immature","male",9,-72.96366179,41.27455087,2013,"Archilochus colubris","Archilochus_colubris",2.6,NA,11.3,1143,9.22363154011904,63.2277668532347,"Fall",6120,12.1,1194,8.74194343702752,57.783425651502,11.84,1247,9.06393102964053,52.8734513388639,"M","Juvenile"
"immature","male",8,-85.9271622,46.1147172,1944,"Archilochus colubris","Archilochus_colubris",2.2,NA,5.8,784,10.1657028852665,47.2311861797037,"Summer",5963,5.1,802,10.5568862267921,55.7000153269636,5.34,815.4,10.3348185591469,49.3435876104403,"M","Juvenile"
"immature","male",9,-83.7365055,42.2793726,2012,"Archilochus colubris","Archilochus_colubris",2.9,NA,11.5,683,9.19466248330074,37.5889628811117,"Fall",5991,10.9,881,9.90652138704922,44.5453358053307,10.16,941.4,10.2157890752676,50.5283145968501,"M","Juvenile"
"immature","male",9,-87.5833333,37.8833333,1949,"Archilochus colubris","Archilochus_colubris",2.9,NA,14.4,1302,8.70271204681029,50.099624890425,"Fall",6174,14,1246,9.11385751469578,42.1776088222896,13.84,1191.6,9.04570983377886,46.1906197157306,"M","Juvenile"
"immature",NA,9,-84.1018867,42.3259197,2004,"Archilochus colubris","Archilochus_colubris",2.9,NA,9.2,850,9.98444244357645,63.6431333419838,"Fall",6084,8.95,853,10.0779782197605,56.7764911991351,9.36,859.2,9.90995536078228,51.2622306258637,"NS","Juvenile"
"immature","male",3,-88.5784142,20.6689352,1936,"Archilochus colubris","Archilochus_colubris",2.6,NA,25.8,1372,1.76710257629587,60.9052551150767,"Spring",6242,25.8,1129,2.12695814274566,72.2511252168267,25.78,1166,2.00874438405313,79.9046817204932,"M","Juvenile"
"immature","male",9,-83.7263412,42.2708397,2007,"Archilochus colubris","Archilochus_colubris",3.9,NA,10.1,902,10.7183643030704,44.0536255680916,"Fall",6090,10.35,1025,9.75278976701338,35.6345334112978,9.92,924,10.1316314147872,46.0456514962755,"M","Juvenile"
"immature","undetermined",8,-71.39019,43.76068,1999,"Archilochus colubris","Archilochus_colubris",1.6,82,7.9,1092,9.91463564635635,62.4131247347397,"Summer",6201,8.05,1144.5,9.38186197021648,52.9636203282691,7.42,1165.2,9.68069889510098,47.7312318854637,"NS","Juvenile"
"immature","female",9,-83.7263412,42.2708397,2013,"Archilochus colubris","Archilochus_colubris",4.01,NA,9.7,954,10.3529640024663,55.1826048279845,"Fall",5992,10.6,818,9.785752961795,46.4408915605632,10.24,928.6,10.2417244468736,52.2203047212432,"F","Juvenile"
"immature","male",9,-79.372722,43.73418,1942,"Archilochus colubris","Archilochus_colubris",4,NA,7.5,906,10.3745719152282,41.8134046796175,"Fall",6050,7.65,796.5,10.4952702237642,40.7145208224671,7.36,766.2,10.4204876292266,38.4768573257646,"M","Juvenile"
"immature","male",8,-83.4912872,42.4216825,2003,"Archilochus colubris","Archilochus_colubris",2.9,NA,9.1,830,10.2036980818454,43.3751577922894,"Summer",6078,9.7,771,10.0684648633185,39.7625986397394,9.82,854.2,9.9438595226664,45.1641317493902,"M","Juvenile"
"immature","male",8,-79.430193,43.674723,1968,"Archilochus colubris","Archilochus_colubris",3.3,91,7.4,860,10.5216515583416,42.5491948027367,"Summer",5931,7.25,836,10.1858296247315,43.4919819858707,7.38,798.2,9.92156254213614,44.6652017635884,"M","Juvenile"
"immature","male",8,-85.47296,38.71366,2001,"Archilochus colubris","Archilochus_colubris",3.3,NA,13.3,1172,8.73779668503971,51.6436875064848,"Summer",6144,12.85,1268.5,9.11659914172655,40.6845480543357,13.04,1159,8.87596402315001,53.2271124888463,"M","Juvenile"
"immature",NA,7,-83.841685,42.251561,2008,"Archilochus colubris","Archilochus_colubris",1.4,NA,9.2,995,10.3181951675257,46.4380932770158,"Summer",5999,9.55,943.5,10.5166326343418,45.5177317476018,9.74,933.6,10.1503390376534,48.1683728379998,"NS","Juvenile"
"immature","undetermined",9,-83.4702377,42.3714371,2008,"Archilochus colubris","Archilochus_colubris",1.83,NA,9.1,936,10.2432646015306,46.3254576082186,"Fall",6000,9.5,899.5,10.4123760761687,46.5644204259223,9.72,892.6,10.1080591226099,46.5895715525314,"NS","Juvenile"
"immature","male",9,-83.7222576,42.4552544,2009,"Archilochus colubris","Archilochus_colubris",2.8,NA,8.5,946,10.0446691726447,46.5914085219439,"Fall",6094,8.7,948.5,10.1506428312063,45.7066770827877,9.26,922.6,10.1581718813312,43.2347950059429,"M","Juvenile"
"immature","male",10,-82.4333333,42.9666667,1980,"Archilochus colubris","Archilochus_colubris",3.1,NA,8,858,10.5255929077941,50.4607800930577,"Fall",6173,8,801,10.4723793343088,51.7353252154297,8.1,797.4,10.5737721866099,45.9035279005101,"M","Juvenile"
"immature","[female]",9,-79.395348,43.663612,1984,"Archilochus colubris","Archilochus_colubris",2.6,NA,7.9,746,9.95392415385038,31.7474665459327,"Fall",6047,8.05,790.5,10.0480252611284,34.6777233720665,7.62,824,10.1233252546579,40.6173873402702,"F","Juvenile"
"immature","male",9,-83.380394,42.5717928,2012,"Archilochus colubris","Archilochus_colubris",2.53,NA,11,634,9.2333716222814,39.9700032379118,"Fall",6100,10.35,812,9.97257148613755,47.1254575538856,9.58,827.6,10.2623978830392,48.6616537896766,"M","Juvenile"
"immature","male",8,-83.4655,41.7862,1937,"Archilochus colubris","Archilochus_colubris",3.3,NA,9.5,905,10.2377606156934,58.9488381704251,"Summer",6241,9.5,813.5,10.9226343176287,52.9623079817109,9.8,701,10.8265769158512,51.3615669775818,"M","Juvenile"
"immature","male",9,-83.6619186,42.2993415,1986,"Archilochus colubris","Archilochus_colubris",3.2,NA,9.5,890,10.0419234847079,53.6771273818843,"Fall",6071,9.35,961.5,10.3346287264791,44.4839198549197,9.36,896.4,10.4091316284124,46.0665516144424,"M","Juvenile"
"immature?","[male]",9,-79.208522,43.742088,1961,"Archilochus colubris","Archilochus_colubris",3.5,86,7.7,692,10.3004376194177,44.0149093494527,"Fall",6055,7.5,745,10.3851321978957,47.0776211987115,7.52,724.4,10.3755405049225,40.4493060208672,"M","Juvenile"
"immature?","[male]",8,-80.598112,42.985593,1965,"Archilochus colubris","Archilochus_colubris",2.9,83,7.1,965,9.47036846104093,27.0082184804015,"Summer",5954,7.45,922.5,9.40940430806638,51.3925318990946,7.32,811,10.0035693595959,44.8300206464303,"M","Juvenile"
"juvenile","female",7,-72.9975,41.4217,2012,"Archilochus colubris","Archilochus_colubris",3.09,NA,11.6,1347,8.42787582425672,50.8811761329315,"Summer",6193,11.15,1503.5,9.00789520388134,50.6601603234333,10.62,1396.2,9.14406597327742,46.9267681762861,"F","Juvenile"
"juvenile","[male]",9,-79.431203,43.756843,1982,"Archilochus colubris","Archilochus_colubris",3.6,NA,7,885,10.0425307688064,44.2173175377023,"Fall",5941,7.15,854.5,9.99402451121935,47.8887265212939,6.86,832.6,10.373019624154,44.7654104122351,"M","Juvenile"
"juvenile","female?",9,-79.25011,43.77661,2003,"Archilochus colubris","Archilochus_colubris",3,NA,7,824,10.5283024042412,39.1141497661034,"Fall",6057,7.7,797.5,10.0788068586457,33.7312903160647,8.1,772.4,9.95046264080291,41.2278855422104,"NS","Juvenile"
"juvenile","male",9,-83.7263412,42.2708397,1945,"Archilochus colubris","Archilochus_colubris",2.8,NA,9,912,10.0947781280494,62.2832900397484,"Fall",6063,9.3,793.5,10.4242897145911,56.5337441472018,9.4,796.2,10.4544512363734,52.5448341629941,"M","Juvenile"
"juvenile","male",9,-83.6130371,42.2411385,2011,"Archilochus colubris","Archilochus_colubris",3.02,NA,10.4,1062,10.5733226336451,55.421770082299,"Fall",6108,10.55,966.5,10.72016254587,62.4828154028716,9.98,941,10.4724549064472,53.0238130664789,"M","Juvenile"
"juvenile","male",9,-73.298648,41.195158,1982,"Archilochus colubris","Archilochus_colubris",3.35,NA,9.9,1197,8.981002677369,52.9737491317806,"Fall",6250,9.9,1137.5,9.24434348494001,52.6088199034358,10.1,1217.4,9.50167386387966,57.6091733253422,"M","Juvenile"
"juvenile","in question",7,-83.0751801,43.0234746,1947,"Archilochus colubris","Archilochus_colubris",2.5,NA,8.5,891,10.9369647055157,56.3925202635935,"Summer",5967,8.95,796,10.254723681881,52.9369946689377,8.62,752.6,10.49544853997,54.0054045323013,"NS","Juvenile"
"juvenile","male",7,-94.98538,49.92533,1947,"Archilochus colubris","Archilochus_colubris",3,NA,1.5,627,13.7663181407199,61.9181824825118,"Summer",6162,1.65,581.5,13.6319243895375,56.4339738515301,1.7,624.8,13.3965225901207,62.4381750312174,"M","Juvenile"
"juvenile","male",9,-79.410948,43.761486,2005,"Archilochus colubris","Archilochus_colubris",3,NA,8,746,11.1085927701637,33.8728808864421,"Fall",5930,7.6,771.5,10.6068534934512,38.6664964978601,7.78,770.2,10.2131958023381,36.6364658037647,"M","Juvenile"
"juv. sk.thin","female",7,-83.5587,31.4503,1951,"Archilochus colubris","Archilochus_colubris",3.1,NA,19.6,1145,6.49059926261657,54.5554250132851,"Summer",5927,19.5,1061,6.44146210300064,61.2370491378023,19.6,1280.2,6.29271075506787,53.6070260064668,"F","Juvenile"
"n/a","male",11,-97.0819312,16.1208257,1964,NA,"Archilochus_colubris",2.6,NA,21.7,1185,1.44620716064994,123.117650247716,"Fall",6245,21.7,1001.5,1.49308980609708,133.52551318294,21.68,1428.6,1.32317668689347,135.374620334924,"M","NS"
"n/a","female",11,-97.213595,16.9474525,1964,NA,"Archilochus_colubris",2.8,NA,19.7,878,1.7440808988743,105.867139564973,"Fall",6189,19.75,802,1.7833644113938,110.846491712778,19.8,993.8,1.6115517769315,121.116187547722,"F","NS"
"n/a","female",11,-97.0819312,16.1208257,1964,NA,"Archilochus_colubris",3,NA,21.7,1185,1.44620716064994,123.117650247716,"Fall",6190,21.7,1001.5,1.49308980609708,133.52551318294,21.68,1428.6,1.32317668689347,135.374620334924,"F","NS"
"n/a","female",1,-96.4502478,15.9675045,1965,NA,"Archilochus_colubris",2.9,NA,21.9,1232,1.37408371673856,111.251271163287,"Winter",6191,21.95,1310.5,1.31474812049764,116.255189420651,22,1471.4,1.22498872510161,125.394544445128,"F","NS"
"n/a","male",10,-99.4969935,22.497176,1951,NA,"Archilochus_colubris",2.5,NA,21.4,971,3.34513441320737,127.710661776893,"Fall",6188,21.85,808,3.57005358216862,102.351423168547,21.98,828.8,3.79354001654423,108.58578728875,"M","NS"
"not applicable","female",9,-79.392547,43.791409,1968,"Archilochus colubris","Archilochus_colubris",2.9,NA,7,857,10.572215587295,42.0659768739553,"Fall",6040,6.85,845,10.2380051955317,43.7450919002435,7,804.2,9.95859055175989,45.5069086762346,"F","NS"
"not applicable","female",7,-93.63727,52.84037,1938,"Archilochus colubris","Archilochus_colubris",3.3,NA,0,617,13.8670636598183,60.9325865622278,"Summer",6218,-0.55,550.5,14.7054314845897,51.7795207299686,-1.5,540,14.7334197481444,58.5638854378748,"F","NS"
"not applicable","[female]",9,-79.372722,43.73418,1973,"Archilochus colubris","Archilochus_colubris",2.6,NA,8.4,822,10.2319871289042,37.5482130486895,"Fall",5934,7.55,856,10.2456459243429,32.3016247220238,7.5,776,10.4516779525964,37.2025756261326,"F","NS"
"not applicable","[female]",5,-79.420787,43.767467,1966,"Archilochus colubris","Archilochus_colubris",2.8,84,7.1,744,10.0542581059274,52.4134258214114,"Spring",5955,6.95,804,9.8933137789969,43.3613509722976,7.02,748.8,10.1800830324205,45.0615940350011,"F","NS"
"not applicable","female",6,-77.27889,43.8979,1930,"Archilochus colubris","Archilochus_colubris",4,NA,7.8,618,10.0551321134126,38.1251518698444,"Summer",6160,7.6,695.5,10.0226090540642,38.2246469108605,7.36,768.4,9.83802655881215,38.0435556396995,"F","NS"
"not applicable","female",5,-79.296152,43.677967,1954,"Archilochus colubris","Archilochus_colubris",4.5,NA,7.8,917,9.72984708217063,45.6379409531334,"Spring",5949,8.4,842,9.40113307876069,43.1335675532837,8.04,830.8,9.55837475685666,40.6364918327116,"F","NS"
"not applicable","male",9,-79.372722,43.73418,1969,"Archilochus colubris","Archilochus_colubris",3.2,NA,7.4,689,10.2642473044677,44.0562373974158,"Fall",6042,7.3,773,10.4161529773882,43.4441094837331,7.14,794.4,10.0998156410535,43.7802866046195,"M","NS"
"not applicable","female",5,-80.33587,43.39164,1974,"Archilochus colubris","Archilochus_colubris",3.7,NA,6.8,871,9.48870141512813,37.2910902735916,"Spring",5938,7.35,894.5,9.7236012140219,40.4099710716748,6.96,877,10.0675361568645,35.4263546827562,"F","NS"
"not applicable","male",7,-93.82525,48.90185,1929,"Archilochus colubris","Archilochus_colubris",2.5,NA,1.5,422,14.4096558535651,41.9524409763164,"Summer",5948,2.35,500,13.1249976110829,65.4472626640909,2.02,607.6,13.0352037495651,65.4328235467905,"M","NS"
"not applicable","female",7,-94.98538,49.92533,1947,"Archilochus colubris","Archilochus_colubris",3.3,NA,1.5,627,13.7663181407199,61.9181824825118,"Summer",6161,1.65,581.5,13.6319243895375,56.4339738515301,1.7,624.8,13.3965225901207,62.4381750312174,"F","NS"
"not applicable","female",9,-79.372722,43.73418,1944,"Archilochus colubris","Archilochus_colubris",3,NA,7.5,756,10.4403464182628,38.0410870542255,"Fall",6051,7.05,773.5,10.5566187972689,36.8902860240009,7.12,796.6,10.5383607451541,36.1881796731139,"F","NS"
"not applicable","[female]",9,-79.420787,43.767467,1965,"Archilochus colubris","Archilochus_colubris",2.5,85,6.8,864,9.7323694520664,34.3092761231837,"Fall",6060,7.15,799,9.6175222570168,44.0654830865553,7.1,739.2,10.2271621165501,42.8620407745147,"F","NS"
"not applicable","[female]",5,-79.07656,45.19532,1970,"Archilochus colubris","Archilochus_colubris",2.9,90,4.3,941,11.8065563449836,40.0873873471675,"Spring",6043,4.55,936.5,11.171529276698,46.4482958516336,4.56,953.4,11.0166639559551,42.7066539402822,"F","NS"
"not applicable","[female]",9,-78.78734,45.1788,1970,"Archilochus colubris","Archilochus_colubris",3.2,NA,4.1,925,11.9064122016312,35.0496271627771,"Fall",5932,4.35,927,11.2536134608039,41.9235598411165,4.36,954.8,11.0755514014785,41.8927451211022,"F","NS"
"not applicable","male",5,-79.61287,43.53793,1966,"Archilochus colubris","Archilochus_colubris",2.8,86,7.6,730,10.0356938731286,41.9033588882268,"Spring",5956,7.45,782,9.8338241337317,36.9561787935557,7.54,741.4,10.1186473798175,42.7016204554543,"M","NS"
"not applicable","male",8,-79.420787,43.767467,1955,"Archilochus colubris","Archilochus_colubris",2.5,NA,8.1,706,11.0849474787236,40.2714665909852,"Summer",6052,7.75,800.5,10.430027505632,43.5398723539919,7.9,800,9.85166892995126,38.78586597111,"M","NS"
"not applicable","[male]",6,-79.941,43.72098,1968,"Archilochus colubris","Archilochus_colubris",2.3,92,6.7,958,10.3856836194073,45.4023531398175,"Summer",6039,6.55,954.5,10.0298832295149,49.8728655113325,6.64,873.6,9.75860034522697,45.9861384535575,"M","NS"
"not applicable","male",5,-79.91644,43.65006,1970,"Archilochus colubris","Archilochus_colubris",2.8,NA,6.9,812,10.8187932727633,32.367466284995,"Spring",6044,6.9,779.5,10.4624991187156,37.6266074609321,6.76,839.6,10.1509960999375,42.7124150348135,"M","NS"
"not applicable","male",5,-79.372722,43.73418,1967,"Archilochus colubris","Archilochus_colubris",3,93,6.9,825,9.88510894162926,45.5434502454024,"Spring",5958,7.1,784.5,9.97436803326633,49.0638917276957,7.14,748,10.0372715187676,45.5263802403186,"M","NS"
"not applicable","undetermined",5,-79.85857,43.64689,1971,"Archilochus colubris","Archilochus_colubris",3.4,NA,7.5,742,10.2794882551554,43.3062489220138,"Spring",6217,7.4,769.5,10.5472918129612,38.4851024873957,7.18,818,10.226264866416,43.0260379589728,"NS","NS"
"not applicable","male",5,-80.27422,43.147362,1929,"Archilochus colubris","Archilochus_colubris",2.8,NA,8.4,792,9.84321024253713,51.5334400671259,"Spring",5947,8.15,807.5,9.60418688453731,47.581423004363,7.52,843.8,9.61642036517581,46.1224410199116,"M","NS"
"not applicable","female",5,-81.2613,42.99875,1909,"Archilochus colubris","Archilochus_colubris",2.8,NA,7.4,1051,9.34553450325422,40.0388499607617,"Spring",5951,7.5,981.5,9.78765194774151,39.9398439774672,7.04,966.2,9.80562758680132,33.2543007703275,"F","NS"
"not applicable","female",5,-80.232834,43.532579,1966,"Archilochus colubris","Archilochus_colubris",2.7,83,6.3,820,9.78333462392227,37.6008546574028,"Spring",5957,6.2,896.5,9.61922193642321,36.0623180127873,6.28,811,9.96598872425387,42.6306512034633,"F","NS"
"not applicable","male",8,-79.372722,43.73418,1969,"Archilochus colubris","Archilochus_colubris",2.4,NA,7.4,689,10.2642473044677,44.0562373974158,"Summer",6041,7.3,773,10.4161529773882,43.4441094837331,7.14,794.4,10.0998156410535,43.7802866046195,"M","NS"
"not applicable","undetermined",9,-80.0665,43.85798,1973,"Archilochus colubris","Archilochus_colubris",3.2,NA,6.9,928,10.048458347006,31.1302638198513,"Fall",5939,5.95,944,10.1031275120537,29.8681986242148,5.84,882.6,10.3525249063828,35.2257307604371,"NS","NS"
"not applicable","male",9,-80.33587,43.39164,1974,"Archilochus colubris","Archilochus_colubris",3.3,NA,6.8,871,9.48870141512813,37.2910902735916,"Fall",5936,7.35,894.5,9.7236012140219,40.4099710716748,6.96,877,10.0675361568645,35.4263546827562,"M","NS"
"U","male",5,-85.39226,38.72382,1990,"Archilochus colubris","Archilochus_colubris",2.2,NA,13.3,1505,7.52311085719843,44.5571668877103,"Spring",6198,12.55,1442.5,8.58995154852445,39.1064116876496,12.74,1152.8,9.06975497374859,43.5969862303184,"M","Juvenile"
"U","female",5,-85.42659,38.75435,1988,"Archilochus colubris","Archilochus_colubris",2.7,NA,12.1,1055,9.77904376560904,45.6253055640559,"Spring",6142,12.65,945.5,9.43527414578186,55.6525572578502,12.6,1050.4,9.49893429603207,48.7264415802028,"F","Juvenile"
"U","m?",8,-85.47296,38.71366,1989,"Archilochus colubris","Archilochus_colubris",2.5,NA,11.8,1374,9.69212426288854,34.1593663416748,"Summer",6143,12.05,1216,9.74663994215067,40.2054359909857,12.62,1085,9.59610781646711,46.3787715046946,"NS","Juvenile"
"U-Ad","male",9,-85.47296,38.71366,1991,"Archilochus colubris","Archilochus_colubris",3.3,NA,13.6,1042,9.34115608314608,40.3678780026592,"Fall",6199,13.5,1264.5,8.44094445331446,43.2134660500796,12.9,1159.8,9.09732003446848,46.4405538298623,"M","Adult"
"U-Ad.","male",9,-85.42765,38.75516,1986,"Archilochus colubris","Archilochus_colubris",3.2,NA,13,994,9.27443537446628,31.4162421503516,"Fall",6255,12.65,1079.5,9.68405888352674,42.6811633336599,12.5,1177.4,9.58037084914797,49.7669615700749,"M","Adult"
"U-Ad.","female",5,-85.47296,38.71366,1986,"Archilochus colubris","Archilochus_colubris",3.6,NA,13.2,992,9.27591782602409,32.4485291079975,"Spring",6141,12.8,1077.5,9.68791390831105,43.0590102371604,12.68,1175,9.5723077249287,49.8954645295233,"F","Adult"
"U-Ad.","male",11,-96.65358,16.96911,1964,"Archilochus colubris","Archilochus_colubris",2.9,NA,16.5,637,1.55436823374019,102.20289901458,"Fall",6140,16.55,588,1.54927052669896,108.908168123658,16.64,698.6,1.33164239346191,112.111356895185,"M","Adult"
"U-Ad.","female",9,-85.42765,38.75516,1986,"Archilochus colubris","Archilochus_colubris",1.8,NA,13,994,9.27443537446628,31.4162421503516,"Fall",6256,12.65,1079.5,9.68405888352674,42.6811633336599,12.5,1177.4,9.58037084914797,49.7669615700749,"F","Adult"
"U-Ad.","female",5,-85.47296,38.71366,1986,"Archilochus colubris","Archilochus_colubris",3.7,NA,13.2,992,9.27591782602409,32.4485291079975,"Spring",6197,12.8,1077.5,9.68791390831105,43.0590102371604,12.68,1175,9.5723077249287,49.8954645295233,"F","Adult"
"unknown","male",7,-83.7264,42.2708,1949,"Archilochus colubris","Archilochus_colubris",2.3,NA,10.4,829,9.73196467131054,23.814024239355,"Summer",5928,9.85,779,10.0811699466796,34.3774730060607,9.48,753.6,9.95035023102521,48.8484015783064,"M","NS"
"unknown","male",7,-83.6096,32.8194,1959,"Archilochus colubris","Archilochus_colubris",2.88,NA,18.5,1381,7.62203742745039,44.1699914228256,"Summer",6035,18.1,1245,8.07527066418142,52.6666894707796,18.46,1179.4,7.43528580784119,54.5807485207073,"M","NS"
"unknown","undetermined",9,-72.49603,42.43554,2009,"Archilochus colubris","Archilochus_colubris",2.93,82,8.1,1216,9.60897623279526,51.016920365625,"Fall",6203,8.35,1363.5,9.58968467041776,49.1320729862049,8.66,1265.6,9.78498467218309,47.9183801650923,"NS","NS"
"unknown","male",7,-72.73248,42.39451,2002,"Archilochus colubris","Archilochus_colubris",2.23,81,8.6,1174,9.15511117387772,34.1353088375747,"Summer",6202,8.45,1078.5,9.35847568349946,45.9553031373539,8.46,1189.6,9.25394345132706,47.9961583483933,"M","NS"
"unknown","male",6,-94.992,35.231,1982,"Archilochus colubris","Archilochus_colubris",2.5,NA,16.6,1170,8.87002101053164,63.0383296429876,"Summer",6036,16.65,1143,8.73457884159772,67.6262835773271,16.32,1006.4,9.60749173297439,65.8682857298114,"M","NS"
"unknown","male",6,-84.3911,42.1933,1940,"Archilochus colubris","Archilochus_colubris",2.3,NA,8.3,857,10.7654188225188,58.2625118937392,"Summer",6034,9.1,808.5,10.4353789726863,52.8277989230435,9.26,813.4,10.4655872918791,54.4048757369818,"M","NS"
NA,"female",6,-79.95,39.6333333,1984,"Archilochus colubris","Archilochus_colubris",2.8,NA,11.1,1113,8.54330767680797,31.1362079680724,"Summer",6230,11.1,1091,8.77864125862834,36.3645905420161,11,1073.2,9.00683143039414,41.9733577099514,"F","NS"
NA,"female",4,-94.4434,30.7682,2010,"Archilochus colubris","Archilochus_colubris",2.4,NA,19,982,8.51214373169831,69.5705626332053,"Spring",6167,19.15,1215,7.85284019648187,70.3716948546615,19.32,1364,7.26487797530858,59.4670424080408,"F","NS"
NA,"female",6,-76.5095,42.4381,1949,"Archilochus colubris","Archilochus_colubris",3.5,NA,10.8,727,9.43864958882393,38.6913357749824,"Summer",6021,10.05,807,9.77825030016191,38.2981296878389,9.78,892.2,9.77926803445609,46.2571821806097,"F","NS"
NA,"female",9,-84.37348,42.6903,2011,"Archilochus colubris","Archilochus_colubris",2.9,NA,9.5,1033,10.4858454378011,47.2902060161404,"Fall",6234,9.75,901.5,10.5859920756949,52.983372295453,9.28,927.8,10.4344451160568,50.7261557324998,"F","NS"
NA,"female",5,-83.7263412,42.2708397,1976,"Archilochus colubris","Archilochus_colubris",4.1,NA,8.6,698,10.6434216416726,51.8966552298352,"Spring",6070,9,809.5,10.2452088997771,55.2365851226601,9.14,791.2,10.0085366829442,48.3048716990782,"F","NS"
NA,"female",6,-83.7,42.3166667,1971,"Archilochus colubris","Archilochus_colubris",3.2,NA,9.5,598,10.5026259342677,59.9663290208587,"Summer",6175,9.35,687.5,10.6075115852178,51.4384171103194,9.14,779.6,10.2030640016796,55.9329049810369,"F","NS"
NA,"female",5,-82.4250183,42.9711304,2009,"Archilochus colubris","Archilochus_colubris",2.9,NA,8.2,832,9.97109078863248,38.5472530859147,"Spring",5996,8.3,862.5,10.0223399347382,34.8550852895934,9.06,830.2,10.0066289223289,33.505725724355,"F","NS"
NA,"female",9,-83.6166667,42.2,1980,"Archilochus colubris","Archilochus_colubris",4.1,NA,8.6,910,10.6659895618425,53.7957628841907,"Fall",6228,8.5,853.5,10.6306983285717,52.0808255816741,8.56,800.8,10.855850897549,46.4216533067783,"F","NS"
NA,"female",7,-85.4158688,43.5674568,2003,"Archilochus colubris","Archilochus_colubris",2.5,NA,7,802,10.2365173706094,58.4632964723564,"Summer",6086,7.45,799,10.0397098755718,52.5849536347286,7.78,873.2,9.82284537023157,51.2500998403693,"F","NS"
NA,"female",7,-83.95,42.45,1934,"Archilochus colubris","Archilochus_colubris",2.8,NA,9.1,479,11.5979622034531,51.9615242270663,"Summer",6238,9.35,555,11.0146099315906,49.3980948630819,9.52,627.2,10.3235246742834,49.4078761805948,"F","NS"
NA,"male",5,-76.5095,42.4381,1954,"Archilochus colubris","Archilochus_colubris",3.20000004768372,NA,9.7,834,9.39066267387693,31.6517032910352,"Spring",5912,10.15,780,8.92661812452305,32.8762465043383,9.76,820.4,9.09687955332733,32.6114018820273,"M","NS"
NA,"female",9,-95.734742,30.076001,2011,"Archilochus colubris","Archilochus_colubris",2.8,NA,21.3,702,7.88751890935639,74.6517826298323,"Fall",6220,20.7,806.5,8.03103646184731,67.4417696756485,20.56,1059.2,7.40513651654463,64.9633712747848,"F","NS"
NA,"male",9,-83.6166667,42.2,1978,"Archilochus colubris","Archilochus_colubris",3,NA,8.2,733,11.4300607119467,37.2715325004809,"Fall",6227,8.6,800,11.2572426781641,38.9713951752329,8.86,782.2,10.4830654237035,45.7187467043238,"M","NS"
NA,"female",9,-83.2166667,42.25,2011,"Archilochus colubris","Archilochus_colubris",2.2,NA,10.4,1056,10.5903329274934,60.4284816070547,"Fall",6237,10.6,894.5,10.7236198402257,62.8128650034459,9.96,879.6,10.4332429893851,55.7750205166637,"F","NS"
NA,"female",8,-76.4506,42.4801,2005,"Archilochus colubris","Archilochus_colubris",2.9,NA,8.5,1068,10.8595859064978,50.581198740371,"Summer",6025,8.1,1111,10.4492248902013,52.7647529370415,8.26,1033,9.92578513677748,48.335614433475,"F","NS"
NA,"female",6,-83.7263412,42.2708397,1945,"Archilochus colubris","Archilochus_colubris",3.5,NA,9,912,10.0947781280494,62.2832900397484,"Summer",5966,9.3,793.5,10.4242897145911,56.5337441472018,9.4,796.2,10.4544512363734,52.5448341629941,"F","NS"
NA,"female",8,-76.4506,42.4801,2006,"Archilochus colubris","Archilochus_colubris",3.3,NA,9.4,1142,8.56615521406863,50.8288018785992,"Summer",5913,8.95,1105,9.71287056028321,50.7050003094851,8.38,1092.6,9.79786123903039,46.8357785071012,"F","NS"
NA,"undetermined",9,-83.7263412,42.2708397,1984,"Archilochus colubris","Archilochus_colubris",2.65,NA,9.3,755,10.3758752825382,45.5845019134467,"Fall",6069,9.45,844,10.4326102629959,45.7249386556647,9.04,882,10.4674902320613,49.9157043427528,"NS","NS"
NA,"female",5,-86.8025,33.52056,1976,"Archilochus colubris","Archilochus_colubris",3.59999990463257,94,15.4,1468,7.63847418525375,72.1195856111955,"Spring",5914,16,1540.5,7.3115961763548,50.2750663028322,16.36,1508.2,7.17277502339891,47.6825657315823,"F","NS"
NA,"male",9,-83.75,42.2833333,1982,"Archilochus colubris","Archilochus_colubris",2.85,NA,8.9,893,10.6163253358384,52.7914221202742,"Fall",6229,8.95,898.5,10.3677227008937,52.5426458675629,8.6,849.4,10.7178131812047,49.7283231583833,"M","NS"
NA,"male",5,-76.451,42.4799,1993,"Archilochus colubris","Archilochus_colubris",1.5,NA,7.6,963,10.3691084038556,45.5222482620103,"Spring",6027,7.55,1004,9.64401809143494,46.1442622665304,8.32,974.8,9.4896090382901,44.3525017724343,"M","NS"
NA,"undetermined",1,-76.409989,42.392313,1995,"Archilochus colubris","Archilochus_colubris",2.8,NA,8.2,820,10.5250746776304,54.1642827625006,"Winter",5920,7.95,950,10.6239931423571,52.96172536524,8.14,942.2,9.97815461350302,45.7462752762341,"NS","NS"
NA,"female",6,-85.0375,45.64222,1986,"Archilochus colubris","Archilochus_colubris",2.9,NA,6.7,640,9.37262293096552,62.2243923232682,"Summer",5969,6.3,776,9.71197288735281,48.1491534915572,6.44,766.4,9.89604937803445,50.8455359537902,"F","NS"
NA,"in question",9,-84.1019726,42.3267922,2010,"Archilochus colubris","Archilochus_colubris",3.67,NA,10.2,798,10.8016272623689,63.6167945753567,"Fall",6005,9.45,870,10.4115974566407,53.6292834262496,9.54,926.6,10.1388714763875,47.5775943469694,"NS","NS"
NA,"male",6,-85.5028152,43.5975491,2001,"Archilochus colubris","Archilochus_colubris",2.2,NA,8.6,988,9.39211064799827,61.2812554902658,"Summer",6079,8.2,965,9.57854374506254,51.1443032178497,8.12,872.2,9.58220850509388,48.9166391486121,"M","NS"
NA,"female",9,-85.4158688,43.5674568,2004,"Archilochus colubris","Archilochus_colubris",2.1,NA,7.5,1002,9.87507959308162,57.1198252219569,"Fall",6085,7.25,902,10.0557984818455,57.7915608471566,7.66,903.8,9.83043873251906,52.9753822827316,"F","NS"
NA,"female",5,-83.7263412,42.2708397,1945,"Archilochus colubris","Archilochus_colubris",3.15,NA,9,912,10.0947781280494,62.2832900397484,"Spring",5965,9.3,793.5,10.4242897145911,56.5337441472018,9.4,796.2,10.4544512363734,52.5448341629941,"F","NS"
NA,"female",8,-83.4833333,42.2,2007,"Archilochus colubris","Archilochus_colubris",2.8,NA,9.9,870,10.5346038742745,48.5066987242157,"Summer",6232,10.15,970.5,9.62161667291162,37.3339411934233,9.72,881.6,10.0294140304774,47.5800909163433,"F","NS"
NA,"male",5,-97.3343833,29.9578833,2012,"Archilochus colubris","Archilochus_colubris",2.5,NA,21.6,1123,6.32821962611631,74.5472839294494,"Spring",6168,21.65,851.5,7.14799781805574,77.4036234098474,20.94,808,7.33228032643749,76.8037873891966,"M","NS"
NA,"male",7,-84.0037823,42.4696911,1934,"Archilochus colubris","Archilochus_colubris",2.5,NA,9,484,11.5789876304215,50.8407004464127,"Summer",6011,9.3,563,11.0031613866478,48.452825603522,9.44,631.4,10.316615282621,48.9195437385218,"M","NS"
NA,"female",9,-96.357163,30.651088,2013,"Archilochus colubris","Archilochus_colubris",3.6,NA,19.7,1124,7.59114316460008,76.9938630638504,"Fall",6169,20.5,1172,7.00840982059566,69.5350167242065,20.46,952.6,7.6564808755868,75.8491551499702,"F","NS"
NA,"female",4,-98.2666667,29.4666667,1947,"Archilochus colubris","Archilochus_colubris",3.6,NA,20.2,576,7.75245806571091,84.1041752075044,"Spring",6225,20.5,825,7.13062873544922,64.1809170119515,20.54,791.2,6.91292035888586,63.973614717501,"F","NS"
NA,"female",8,-84.7893993,42.1458435,1938,"Archilochus colubris","Archilochus_colubris",3.5,NA,10.3,852,9.46299010980049,50.6451756679459,"Summer",6014,9.65,906.5,9.87902314657159,57.904763121412,9.32,811.4,10.7255110647249,54.2458171014328,"F","NS"
NA,"in question",7,-86.965319,46.014536,2012,"Archilochus colubris","Archilochus_colubris",4.9,NA,7.2,952,9.61745178245666,36.8818946756125,"Summer",6097,6.3,885.5,10.3727114776637,47.2532130300852,5.48,854.2,10.6247012947737,55.3066691248471,"NS","NS"
NA,"male",7,-76.432222,42.404308,2010,"Archilochus colubris","Archilochus_colubris",2,78,9.4,1016,10.0916557190342,47.6147077398558,"Summer",6029,8.7,969.5,9.77371899039718,47.1443041024011,8.82,1021.6,9.56812438964648,42.6934933355482,"M","NS"
NA,"female",6,-83.7263412,42.2708397,2010,"Archilochus colubris","Archilochus_colubris",2,NA,10.6,931,10.929314902702,70.3967332319748,"Summer",6102,9.85,964.5,10.5001884034649,58.2628281538212,9.96,997.6,10.1622207255845,47.0697782779944,"F","NS"
NA,"female",7,-83.7263412,42.2708397,2006,"Archilochus colubris","Archilochus_colubris",2.5,NA,10.6,1148,8.78721523095636,27.2154412545039,"Summer",6088,10.25,991,9.87277615448003,42.3413374023017,10.04,895.2,9.96799451956423,43.371010104082,"F","NS"
NA,"male",5,-75.698844,43.323362,2007,"Archilochus colubris","Archilochus_colubris",2.6,NA,7.7,1319,10.8096302462483,36.7786169802664,"Spring",6212,8.3,1381,9.83164448304059,40.3900589413236,7.84,1353.6,10.4341886148906,37.9187475755319,"M","NS"
NA,"in question",9,-91.4029455,45.246975,1999,"Archilochus colubris","Archilochus_colubris",3,NA,7.1,874,10.9197347065122,80.8803803055311,"Fall",5973,7.55,840.5,10.6509363153965,70.1970710065988,6.2,814.4,11.4567141225417,70.3922985620271,"NS","NS"
NA,"male",8,-76.451,42.4799,2008,"Archilochus colubris","Archilochus_colubris",3.4,NA,8.3,1060,9.4695164831285,38.0685165012606,"Summer",6026,8.4,1022,9.90422534674205,33.6633038422649,8.48,1081.6,9.85461113759105,44.7532769028215,"M","NS"
NA,"female",6,-97.2626517,30.4676833,2011,"Archilochus colubris","Archilochus_colubris",3.3,NA,21.5,571,8.38694873544062,75.6113982533247,"Summer",6166,20.7,694,8.36875334587908,72.2374021712862,20.08,828,7.82446913016966,75.9812604406472,"F","NS"
NA,"female",5,-85.0375,45.64222,1987,"Archilochus colubris","Archilochus_colubris",3.7,NA,8.1,690,8.99620711323625,47.901485661499,"Spring",6072,7.4,665,9.18441502210089,55.0629389923836,6.86,757.2,9.67191603199808,50.6383001809338,"F","NS"
NA,"male",9,-83.7263412,42.2708397,2010,"Archilochus colubris","Archilochus_colubris",2.5,NA,10.6,931,10.929314902702,70.3967332319748,"Fall",6007,9.85,964.5,10.5001884034649,58.2628281538212,9.96,997.6,10.1622207255845,47.0697782779944,"M","NS"
NA,"female",6,-76.33814,42.33031,2012,"Archilochus colubris","Archilochus_colubris",3.3,85,9.5,1075,8.84235674055694,38.2893465583069,"Summer",6213,9.05,1255.5,9.47187589186352,43.631283215404,8.38,1143.2,9.64917009923575,44.0058212290236,"F","NS"
NA,"male",6,-85.2872085,42.2824207,2006,"Archilochus colubris","Archilochus_colubris",1.9,NA,10.4,1105,8.80163552294617,34.5647330231961,"Summer",5985,10.05,945.5,9.83391638068298,42.978735648574,9.58,922.6,9.89972563666837,47.8507719380048,"M","NS"
NA,"male",6,-86.1218261,45.0237958,1940,"Archilochus colubris","Archilochus_colubris",3,NA,7.2,848,9.45869809735831,42.4204910203786,"Summer",6061,7.45,795.5,9.51974940836315,42.4366314333206,7.44,797.6,9.72011338196728,47.006731151511,"M","NS"
NA,"male",6,-86.1218261,45.0237958,1940,"Archilochus colubris","Archilochus_colubris",3,NA,7.2,848,9.45869809735831,42.4204910203786,"Summer",6062,7.45,795.5,9.51974940836315,42.4366314333206,7.44,797.6,9.72011338196728,47.006731151511,"M","NS"
NA,"male",5,-71.5833333333,42.6666666667,1999,"Archilochus colubris","Archilochus_colubris",3,NA,9.5,1126,9.44378904440117,67.4584105744625,"Spring",6159,9.7,1216.5,8.94129416353978,67.0462111309824,8.96,1203.4,9.35415064682246,55.4684725513724,"M","NS"
NA,"female",7,-83.5252761,42.4220626,2006,"Archilochus colubris","Archilochus_colubris",3.3,NA,10.2,1064,8.83567150300932,25.85139319855,"Summer",6087,9.85,910,9.90390626663386,39.0902165716643,9.64,838.4,10.0141108486973,43.2114004432626,"F","NS"
NA,"female",2,-88.5784142,20.6689352,1936,"Archilochus colubris","Archilochus_colubris",3.4,NA,25.8,1372,1.76710257629587,60.9052551150767,"Winter",6244,25.8,1129,2.12695814274566,72.2511252168267,25.78,1166,2.00874438405313,79.9046817204932,"F","NS"
NA,"female",6,-83.9669609,42.4754013,1953,"Archilochus colubris","Archilochus_colubris",3.2,NA,10.2,565,9.47815270967285,40.2823601186179,"Summer",6068,9.9,618.5,9.57189307226348,38.0746601578613,9.28,763,9.78636766726503,31.2487911081247,"F","NS"
NA,"male",5,-98.2666667,29.4666667,1946,"Archilochus colubris","Archilochus_colubris",3,NA,20.8,1074,6.50879940518754,44.2576588163986,"Spring",6224,20.9,921,6.55708456081553,44.7127165897115,20.58,865.4,6.64388979635834,64.3373619988534,"M","NS"
NA,"undetermined",9,-83.846083,42.32188,2011,"Archilochus colubris","Archilochus_colubris",3.1,NA,10,1063,10.5794934575424,48.3839882663331,"Fall",6095,10.2,974,10.7331330411189,57.9199172501534,9.66,961,10.5019348797657,50.1305196364276,"NS","NS"
NA,"female",9,-86.965319,46.014536,2004,"Archilochus colubris","Archilochus_colubris",3.1,NA,6,923,10.0671834103776,39.6148573649295,"Fall",5979,6,861.5,10.3112228169202,40.6100727451795,6.2,863.4,10.2288902731049,43.8179535723215,"F","NS"
NA,"male",5,-76.4509,42.4793,1993,"Archilochus colubris","Archilochus_colubris",1.29999995231628,NA,7.6,963,10.3691084038556,45.5222482620103,"Spring",6146,7.55,1004,9.64401809143494,46.1442622665304,8.32,974.8,9.4896090382901,44.3525017724343,"M","NS"
NA,"male",9,-83.7263412,42.2708397,2013,"Archilochus colubris","Archilochus_colubris",5.2,NA,9.7,954,10.3529640024663,55.1826048279845,"Fall",6099,10.6,818,9.785752961795,46.4408915605632,10.24,928.6,10.2417244468736,52.2203047212432,"M","NS"
NA,"female",9,-83.829,42.405,2008,"Archilochus colubris","Archilochus_colubris",4.5,NA,9.1,967,10.275076494591,45.1990680832804,"Fall",6176,9.4,922.5,10.5082641730617,44.3105161557154,9.56,912.4,10.1701331851164,46.9962104718286,"F","NS"
NA,"male",5,-73.20720726,41.56136059,2011,"Archilochus colubris","Archilochus_colubris",2.38,NA,10.5,1669,9.83781741623372,52.0211656496243,"Spring",6019,10.65,1472.5,9.91574672345368,49.9851889578279,10.14,1376.2,9.62922135425057,48.3346940750348,"M","NS"
NA,"female",9,-82.4333333,42.9666667,1988,"Archilochus colubris","Archilochus_colubris",2.6,NA,9,725,10.6709035146131,55.6190494798537,"Fall",6231,9.5,770,10.152850385763,48.6916893847057,9.08,843,9.96688668816635,47.7539161686442,"F","NS"
NA,"female",7,-85.3194,43.5865,2005,"Archilochus colubris","Archilochus_colubris",3.3,NA,8.1,800,10.9661566151998,57.8064953884156,"Summer",5987,7.8,897.5,10.4435794889017,57.6151070543843,7.78,875.2,10.0953130325849,55.970878568329,"F","NS"
NA,"male",5,-82.8736496,42.5942909,1940,"Archilochus colubris","Archilochus_colubris",2.9,NA,8.2,938,10.5237681925106,62.6963186443561,"Spring",6116,8.9,794,10.2503860272113,59.2734034407517,9.1,702.2,10.2254941933364,54.1023387930265,"M","NS"
NA,"male",5,-83.7952994,42.3220942,1943,"Archilochus colubris","Archilochus_colubris",3.6,NA,8.6,813,10.6050981165007,59.0631778496669,"Spring",5960,8.95,865.5,10.5437375511575,49.5352404217091,9.3,776.6,10.4899810145256,52.3009952273403,"M","NS"
NA,"male",7,-83.6880112,42.6119803,1934,"Archilochus colubris","Archilochus_colubris",2.7,NA,8.8,457,11.5967341275138,52.2805267233165,"Summer",6114,9.1,518.5,11.0661651777413,49.1035992200146,9.12,607.8,10.3696401982562,48.7763697352203,"M","NS"
NA,"undetermined",8,-76.451,42.4799,2008,"Archilochus colubris","Archilochus_colubris",3,NA,8.3,1060,9.4695164831285,38.0685165012606,"Summer",5915,8.4,1022,9.90422534674205,33.6633038422649,8.48,1081.6,9.85461113759105,44.7532769028215,"NS","NS"
NA,"female",7,-83.95,42.45,1934,"Archilochus colubris","Archilochus_colubris",2.7,NA,9.1,479,11.5979622034531,51.9615242270663,"Summer",6239,9.35,555,11.0146099315906,49.3980948630819,9.52,627.2,10.3235246742834,49.4078761805948,"F","NS"
NA,"female",5,-83.7041473,42.2974131,2006,"Archilochus colubris","Archilochus_colubris",2.8,NA,10.6,1140,8.80858310760796,26.4679049871762,"Spring",5983,10.25,983.5,9.88145315836013,41.4787707452996,10.04,891,9.97618509952263,43.0993130878261,"F","NS"
NA,"male",7,-83.7500668,42.6573812,1986,"Archilochus colubris","Archilochus_colubris",1.8,NA,8.6,862,10.1651327705261,64.5305015078396,"Summer",5970,8.5,914,10.3672838456731,52.8209622163798,8.6,837.2,10.4219405664105,46.6428330840351,"M","NS"
NA,"in question",9,-83.7224426,42.3871346,2005,"Archilochus colubris","Archilochus_colubris",2.3,NA,9.6,807,10.9926283839616,54.9184807608361,"Fall",6081,9.5,826.5,10.5170194273642,58.2116046905019,9.72,828.8,10.1124064799476,47.4065868669199,"NS","NS"
NA,"male",10,-96.214335,30.390645,2010,"Archilochus colubris","Archilochus_colubris",2.7,NA,20,740,8.34826692230553,65.2812190368322,"Fall",6221,20.2,910.5,7.89461322819488,82.7063608479781,20.22,988.2,7.32275324847452,64.4697076742108,"M","NS"
NA,"male",7,-72.9975,41.4217,1967,"Archilochus colubris","Archilochus_colubris",2.3,NA,8.6,1228,9.21804883055109,32.4216190525269,"Summer",6249,8.9,1114,9.32317140260865,35.2160719553908,8.94,998.8,9.37467887781878,38.6699054416033,"M","NS"
NA,"male",7,-83.6568546,42.5480219,2005,"Archilochus colubris","Archilochus_colubris",2,NA,9,727,11.0105287077525,50.6239429747455,"Summer",5981,8.9,767.5,10.5416922606973,55.2758538303976,9.12,765.2,10.1357181937859,47.4813120419099,"M","NS"
NA,"male",5,-70.5667,41.9186,1984,"Archilochus colubris","Archilochus_colubris",2.5,NA,9.9,1302,8.47986920996909,48.0685429662244,"Spring",6195,10,1385,8.53317056402523,50.4219884152242,9.62,1189.4,8.84589705221061,49.4072020529104,"M","NS"
NA,"female",6,-85.0375,45.64222,1989,"Archilochus colubris","Archilochus_colubris",2.3,NA,5.6,605,10.7461621056078,53.3852785802785,"Summer",6073,6.15,696.5,10.6582375110253,56.2224408673865,6.6,727,9.94732558199847,51.3289348758773,"F","NS"
NA,"male",8,-83.7263412,42.2708397,2013,"Archilochus colubris","Archilochus_colubris",2.1,NA,9.7,954,10.3529640024663,55.1826048279845,"Summer",6101,10.6,818,9.785752961795,46.4408915605632,10.24,928.6,10.2417244468736,52.2203047212432,"M","NS"
NA,"undetermined",6,-76.412814,42.438555,2013,"Archilochus colubris","Archilochus_colubris",2.2,97,8.5,1092,9.73764952038315,45.2700694967032,"Summer",6257,9.35,1054,9.24551058257805,41.0879213476126,9.04,1080.2,9.6251380097995,45.3354495643906,"NS","NS"
NA,"female",3,-88.5784142,20.6689352,1936,"Archilochus colubris","Archilochus_colubris",3.2,NA,25.8,1372,1.76710257629587,60.9052551150767,"Spring",6187,25.8,1129,2.12695814274566,72.2511252168267,25.78,1166,2.00874438405313,79.9046817204932,"F","NS"
NA,"in question",9,-83.6516418,42.4606361,2011,"Archilochus colubris","Archilochus_colubris",2.9,NA,9.7,1009,10.659051495695,51.6948149863276,"Fall",6003,9.85,912.5,10.7750601290602,57.2756112469929,9.28,911.8,10.515627304567,50.0960869434624,"NS","NS"
NA,"male",8,-84.1019726,42.3267922,2013,"Archilochus colubris","Archilochus_colubris",2.8,NA,9,933,10.3040445133614,54.7313835562576,"Summer",6098,10,825,9.77398071603535,47.8402420526857,9.72,890.6,10.175955669306,49.2690320034716,"M","NS"
NA,"male",5,-75.796324,43.260813,2007,"Archilochus colubris","Archilochus_colubris",1.8,NA,7.8,1414,10.8227314090074,37.310033901776,"Spring",6147,8.35,1468,9.83859720826299,40.6400625808939,7.88,1419.4,10.4336592704699,37.9720239926578,"M","NS"
NA,"male",5,-84.4243526,42.8134264,2004,"Archilochus colubris","Archilochus_colubris",2.3,NA,8.9,900,10.0328551179702,61.5674057805382,"Spring",5978,8.6,846,10.1172946124349,60.3970669594995,8.96,851.4,9.94376636340423,53.7671811317029,"M","NS"
NA,"male",5,-83.7263412,42.2708397,1936,"Archilochus colubris","Archilochus_colubris",2.3,NA,8.9,620,11.5959501812512,64.4156693647403,"Spring",6115,8.85,634.5,10.920962500331,54.5387124333597,9.38,647.4,10.7716584696815,54.5112179185237,"M","NS"
NA,NA,8,-76.4509,42.4793,2008,"Archilochus colubris","Archilochus_colubris",3.1,81,8.3,1060,9.4695164831285,38.0685165012606,"Summer",6149,8.4,1022,9.90422534674205,33.6633038422649,8.48,1081.6,9.85461113759105,44.7369830874424,"NS","NS"
NA,"male",6,-85.8666667,45.4333333,1939,"Archilochus colubris","Archilochus_colubris",2.8,NA,6.2,749,10.3052355037563,45.0409106964284,"Summer",6223,6.55,813.5,10.0775754505121,41.0246448051415,6.08,749,10.388353680828,50.435760922354,"M","NS"
NA,"male",5,-84.4134521,42.2468185,1925,"Archilochus colubris","Archilochus_colubris",1.63,3.6,8.7,787,10.5691195413236,47.8478589384339,"Spring",6064,8.2,751,10.4482643223349,45.4629276544222,9.18,808,10.3109160015454,43.4791062041932,"M","NS"
NA,"male",7,-76.451,42.4799,2012,"Archilochus colubris","Archilochus_colubris",2.4,82,10.1,1017,8.76920835375207,36.5734129553484,"Summer",5917,9.65,1167.5,9.41426431058349,43.3075812876615,8.94,1071.2,9.57699687663739,43.8012480687294,"M","NS"
NA,"undetermined",8,-83.7578354,42.4161339,2008,"Archilochus colubris","Archilochus_colubris",1.08,NA,9.1,978,10.2562471723631,45.324241202293,"Summer",6107,9.4,930.5,10.4782510273145,44.081118963429,9.56,922.2,10.1415535916835,46.68901998955,"NS","NS"
NA,"undetermined",8,-83.8232803,42.3745247,1996,"Archilochus colubris","Archilochus_colubris",1.1,NA,8.7,812,10.4490828943661,42.8239289429925,"Summer",5982,9,801,10.671698058803,43.0876949776317,8.9,836.6,10.1281480356703,43.4988911830977,"NS","NS"
NA,"male",5,-83.7263412,42.2708397,1934,"Archilochus colubris","Archilochus_colubris",3.1,NA,9.6,480,11.7842055311336,58.1051749810578,"Spring",6113,9.8,546.5,11.1210794311962,57.2633611570743,9.98,630.8,10.4052993263068,53.3086133110317,"M","NS"
NA,"in question",6,-83.0950928,42.8011947,1956,"Archilochus colubris","Archilochus_colubris",2.8,NA,9,760,10.0121252247039,58.0722817867644,"Summer",6066,9.45,724,10.6187309131288,47.9351480433973,9.64,668.6,10.2143187199385,44.8079990918096,"NS","NS"
NA,"male",6,-85.9965,45.0939,1940,"Archilochus colubris","Archilochus_colubris",3,NA,7.4,856,9.49386963287682,40.8123683780674,"Summer",6171,7.65,807.5,9.55175405120551,42.1759988780311,7.66,809,9.75786502155991,47.6567147473604,"M","NS"
NA,"male",5,-85.0375,45.64222,1985,"Archilochus colubris","Archilochus_colubris",2.7,NA,5.9,912,10.0513228437401,34.0739146598462,"Spring",6122,6.25,832,9.94466253690316,41.8529897515877,6.46,760,9.88329569855648,51.0730609460688,"M","NS"
NA,"male",5,-76.5095,42.4381,1954,"Archilochus colubris","Archilochus_colubris",3,NA,9.7,834,9.39066267387693,31.6517032910352,"Spring",6022,10.15,780,8.92661812452305,32.8762465043383,9.76,820.4,9.09687955332733,32.6114018820273,"M","NS"
NA,"male",5,-83.4983253,42.5927111,2009,"Archilochus colubris","Archilochus_colubris",1.7,NA,8.2,903,10.047926817674,48.0003959917714,"Spring",6001,8.4,907,10.1589794897773,45.4288818463661,9.02,880,10.1708791016159,43.0742669333653,"M","NS"
NA,"male",5,-85.357,43.6992,2007,"Archilochus colubris","Archilochus_colubris",2.3,NA,8.4,865,10.7220637712686,42.6802653379101,"Spring",6091,8.5,959,9.90968095248187,38.5595105425597,7.86,906.2,10.191494526813,49.7663193706766,"M","NS"
NA,"male",9,-83.8885498,42.3383369,2011,"Archilochus colubris","Archilochus_colubris",2.1,NA,10,1049,10.5922033934056,47.7014848695139,"Fall",6006,10.2,954.5,10.7259208102701,57.4698600844596,9.64,943.8,10.5042088871741,50.2206489354254,"M","NS"
NA,NA,9,-83.7503242,42.9139435,2004,"Archilochus colubris","Archilochus_colubris",2.6,NA,8.7,820,9.9818433653157,59.3661427831916,"Fall",6080,8.55,803,10.0578375457481,55.8496920038135,8.94,815.4,9.88077334316675,50.689502751115,"NS","NS"
NA,"male",7,-84.674023,45.55948,1999,"Archilochus colubris","Archilochus_colubris",2.6,NA,7.2,714,9.98256055085644,52.6296647561832,"Summer",6076,7.75,783.5,9.54409325869539,47.0956306604175,6.54,823.6,10.1369741629088,46.0237822062963,"M","NS"
NA,NA,6,-76.315379,42.441076,2009,"Archilochus colubris","Archilochus_colubris",3.3,85,7.2,1018,9.62982661349936,46.9651474050383,"Summer",6151,7.35,1073.5,9.60687904181714,42.6683283193251,7.78,1116.4,9.86340814783604,44.850573900122,"NS","NS"
NA,"male",5,-83.6166667,42.2,2012,"Archilochus colubris","Archilochus_colubris",2.46,NA,11.5,670,9.13060122817106,39.1253408533794,"Spring",6236,10.9,872,9.82811326225163,46.7698013509469,10.2,905.8,10.154802603348,51.0783643906115,"M","NS"
NA,"male",7,-83.726635,42.7454994,1991,"Archilochus colubris","Archilochus_colubris",1.6,NA,9.6,811,10.1207108386115,42.0476039463681,"Summer",6074,9.5,906.5,9.4541699420873,37.2879845952416,9.06,827.6,10.0924001366297,47.6827437402895,"M","NS"
NA,"male",9,-83.7263412,42.2708397,1944,"Archilochus colubris","Archilochus_colubris",3,NA,9.6,675,10.7538013011327,50.7841982546552,"Fall",5964,9.15,738,10.6730166516534,55.3854863877441,9.3,775.2,10.5892259897698,49.7450731106762,"M","NS"
NA,"undetermined",7,-83.8148689,42.2349996,2008,"Archilochus colubris","Archilochus_colubris",2.8,NA,9.3,1003,10.2913320397077,46.7434941601249,"Summer",5989,9.6,949.5,10.5061467620895,45.5805793198363,9.76,939.6,10.1523095988195,48.2508940369417,"NS","NS"
NA,"female",6,-94.6997451,37.4105279,1996,"Archilochus colubris","Archilochus_colubris",3.9,NA,13.2,1129,9.73579384632716,68.2515821794255,"Summer",5924,13.55,1098.5,9.49769787117223,90.0103545578427,13.7,1254.4,9.11249265167958,81.3672073438299,"F","NS"
NA,"male",9,-96.9794444,28.8322222,2010,"Archilochus colubris","Archilochus_colubris",4.1,NA,21.4,1143,7.0176563039237,78.8131625125028,"Fall",6165,21.85,1010,6.80037782383743,85.7427030281802,22.06,953.4,6.31122907120991,79.5580426969581,"M","NS"
NA,"undetermined",6,-76.439543,42.399675,1999,"Archilochus colubris","Archilochus_colubris",1.5,80,8.9,811,9.71822327570033,58.780897530177,"Summer",6023,9.3,873,9.01130164050922,50.3388341265536,8.42,906,9.53675191328036,45.4321235266297,"NS","NS"
NA,"male",9,-83.7263412,42.2708397,1939,"Archilochus colubris","Archilochus_colubris",3.6,NA,10.1,662,10.2795766921453,66.7450603426487,"Fall",6016,10.25,674,9.96928264170187,58.372561654553,9.46,697.2,10.3778944377726,57.2215771533646,"M","NS"
NA,"male",5,-76.5439,42.448042,2012,"Archilochus colubris","Archilochus_colubris",2.7,85,10.2,1001,8.74668335410455,35.1239948275155,"Spring",5918,9.75,1142.5,9.39544433943533,42.1794019945073,9.02,1054.2,9.55740690635137,43.0930098088263,"M","NS"
NA,NA,8,-83.4702377,42.3714371,2012,"Archilochus colubris","Archilochus_colubris",2.63,NA,11.4,658,9.13851324026093,39.8361728094814,"Summer",6015,10.75,852.5,9.86991945746992,47.6948738409035,9.98,873.4,10.1765302339198,50.3886609322818,"NS","NS"
NA,"undetermined",8,-74.929183,42.699172,1994,"Archilochus colubris","Archilochus_colubris",2.4,NA,7,1062,10.7434969759724,49.41895695912,"Summer",5971,6.8,1057,10.4942682130173,45.2370695383829,7.34,1071,9.48002847286169,37.4561827227285,"NS","NS"
NA,"male",7,-83.7263412,42.2708397,1934,"Archilochus colubris","Archilochus_colubris",2.3,NA,9.6,480,11.7842055311336,58.1051749810578,"Summer",6010,9.8,546.5,11.1210794311962,57.2633611570743,9.98,630.8,10.4052993263068,53.3086133110317,"M","NS"
NA,"male",5,-83.7263412,42.2708397,1977,"Archilochus colubris","Archilochus_colubris",2.7,NA,9,866,11.1331065119337,42.3288588507483,"Spring",5968,8.8,782,10.8882640768032,47.1127570402917,9.24,815.4,10.1986287036481,49.4483982319254,"M","NS"
NA,"male",5,-76.4506,42.4801,2004,"Archilochus colubris","Archilochus_colubris",2.70000004768372,79,7.7,1154,10.0388638739047,54.9483071337119,"Spring",6024,7.55,1133,10.1230013206823,44.3971448173107,8.1,1020.2,9.64841755414727,46.3624026349824,"M","NS"
NA,"in question",9,-83.7263412,42.2708397,2010,"Archilochus colubris","Archilochus_colubris",2.2,NA,10.6,931,10.929314902702,70.3967332319748,"Fall",6008,9.85,964.5,10.5001884034649,58.2628281538212,9.96,997.6,10.1622207255845,47.0697782779944,"NS","NS"
NA,"undetermined",9,-76.451,42.4799,2013,"Archilochus colubris","Archilochus_colubris",3,77,8.4,1091,9.73227604261701,46.0327443353956,"Fall",6028,9.25,1054,9.25074219818454,41.303078645372,8.96,1077.4,9.62954878853509,45.3940936355564,"NS","NS"
NA,"male",5,-89.4012222,43.0730972,1937,"Archilochus colubris","Archilochus_colubris",2.52,90,7.5,699,12.1184557472052,50.5471346230637,"Spring",5925,7.45,682,12.7829083231688,60.5055883912287,8.02,724.6,11.9005537359441,65.6920036072683,"M","NS"
NA,"male",6,-75.812376,43.262186,2013,"Archilochus colubris","Archilochus_colubris",2.9,84,8.2,1431,10.1676700945455,43.2512962498266,"Summer",6153,9.2,1393.5,9.6870021881957,39.5962133403466,8.76,1388,10.074079457601,38.6811904030076,"M","NS"
NA,NA,7,-73.310827,41.273581,2005,"Archilochus colubris","Archilochus_colubris",2.7,NA,11,1258,10.1359359197707,57.8086933681262,"Summer",6194,10.75,1330.5,9.84125219867131,57.1896683534113,10.86,1307.6,9.41184630121651,46.2164305406543,"NS","NS"
NA,"male",6,-86.9333333,45.7,2010,"Archilochus colubris","Archilochus_colubris",2.5,NA,6.4,787,10.1702626526675,84.6253669631034,"Summer",6182,5.35,722,10.2878167488882,70.3584511786103,5.56,677.2,10.3230722563053,57.2857456812164,"M","NS"
NA,"male",5,-72.9286,41.3081,1983,"Archilochus colubris","Archilochus_colubris",3.1,NA,10.8,1566,9.00599127180783,56.3349538195323,"Spring",6248,10.4,1352,8.93029344710783,59.2464536507349,10.42,1248.8,9.25378467589643,60.9734207334865,"M","NS"
NA,"undetermined",7,-76.7032814,43.0100651,2007,"Archilochus colubris","Archilochus_colubris",2.8,84,9.2,912,10.6715814908172,32.1616885913127,"Summer",5921,9.7,989.5,9.75404446255646,41.8402476085223,9.06,1005,10.2867717564468,40.1431766993428,"NS","NS"
